trial_id,patient_id,patient_start_date,patient_end_date,diagnosis,medication,dosage_mg,age,gender,country,national_id,trial_name,start_date,end_date
101,P095,2023-01-30,2023-04-08,Hypertension,Drug_C,204,53,M,Germany,6262513047F,New Drug Evaluation - Trial 101,2023-01-08,2023-05-05
119,P412,2023-02-24,2023-03-13,Hypertension,Drug_C,155,77,M,Germany,6376248051M,Low Dose - Trial 119,2023-02-11,2023-03-31
112,P403,2023-02-09,2023-03-12,Hypertension,Drug_D,139,48,M,Spain,69780999Q,New Drug Evaluation - Trial 112,2023-01-08,2023-03-21
106,P259,2023-02-27,2023-04-04,Hypertension,Drug_C,226,32,M,Spain,36717485I,Combination Therapy - Trial 106,2023-02-12,2023-04-17
109,P405,2023-03-02,2023-04-24,Hypertension,Drug_D,246,34,F,ARG,20-54843019-3,Low Dose - Trial 109,2023-03-01,2023-05-07
112,P396,2023-01-09,2023-03-16,Diabetes,Drug_E,132,50,F,ARG,23-96809353-9,New Drug Evaluation - Trial 112,2023-01-08,2023-03-21
109,P361,2023-03-03,2023-05-04,Cardiovascular,Drug_B,252,54,F,UK,FX217662H,Low Dose - Trial 109,2023-03-01,2023-05-07
117,P098,2023-01-30,2023-04-08,Cardiovascular,Drug_A,227,32,M,Germany,4430399628M,Low Dose - Trial 117,2023-01-22,2023-04-16
112,P047,2023-02-02,2023-03-20,Cardiovascular,Drug_A,329,68,M,UK,MP087005X,New Drug Evaluation - Trial 112,2023-01-08,2023-03-21
115,P328,2023-02-14,2023-04-18,Diabetes,Drug_E,266,43,F,ARG,27-15591084-6,Combination Therapy - Trial 115,2023-02-07,2023-05-17
103,P276,2023-03-18,2023-05-16,Diabetes,Drug_E,275,55,M,Spain,74410357H,High Dose - Trial 103,2023-02-22,2023-05-26
118,P332,2023-02-18,2023-04-15,Cardiovascular,Drug_A,442,22,M,ARG,20-37395717-0,New Drug Evaluation - Trial 118,2023-01-28,2023-05-28
111,P344,2023-02-16,2023-03-18,Hypertension,Drug_D,234,72,M,ARG,23-69262743-1,New Drug Evaluation - Trial 111,2023-01-19,2023-04-01
119,P223,2023-03-07,2023-03-31,Diabetes,Drug_E,285,32,M,UK,TM292514P,Low Dose - Trial 119,2023-02-11,2023-03-31
105,P305,2023-02-09,2023-03-01,Hypertension,Drug_C,140,40,M,UK,ZJ336200R,Combination Therapy - Trial 105,2023-01-02,2023-03-26
107,P179,2023-02-22,2023-03-28,Hypertension,Drug_D,100,30,F,UK,JM041374T,Low Dose - Trial 107,2023-01-11,2023-04-13
113,P067,2023-01-17,2023-02-12,Hypertension,Drug_C,236,75,F,Germany,4152070308F,Combination Therapy - Trial 113,2023-01-01,2023-02-18
107,P156,2023-01-13,2023-02-28,Cardiovascular,Drug_B,382,68,M,UK,PP389463Y,Low Dose - Trial 107,2023-01-11,2023-04-13
104,P199,2023-01-25,2023-02-18,Hypertension,Drug_D,258,31,M,MEX,PGTA429979HZH8IH,Long-Term Study - Trial 104,2023-01-23,2023-03-24
117,P169,2023-02-11,2023-04-01,Cardiovascular,Drug_A,451,59,F,UK,WF615996D,Low Dose - Trial 117,2023-01-22,2023-04-16
100,P178,2023-02-04,2023-02-21,Cardiovascular,Drug_B,475,49,M,Germany,2632907618M,High Dose - Trial 100,2023-02-04,2023-03-07
104,P025,2023-01-29,2023-02-20,Hypertension,Drug_C,109,71,M,Spain,53595624M,Long-Term Study - Trial 104,2023-01-23,2023-03-24
107,P422,2023-02-25,2023-03-17,Hypertension,Drug_D,168,63,M,ARG,27-31752328-6,Low Dose - Trial 107,2023-01-11,2023-04-13
114,P039,2023-03-14,2023-03-29,Diabetes,Drug_E,229,23,F,Germany,9328714523F,Combination Therapy - Trial 114,2023-02-10,2023-04-28
110,P171,2023-03-15,2023-04-17,Diabetes,Drug_E,64,45,M,UK,SS057334Y,High Dose - Trial 110,2023-02-04,2023-05-16
109,P085,2023-03-03,2023-04-16,Diabetes,Drug_E,223,71,M,Spain,86227043J,Low Dose - Trial 109,2023-03-01,2023-05-07
101,P285,2023-01-24,2023-04-11,Diabetes,Drug_E,276,76,F,MEX,BEDC726099HAM7B6,New Drug Evaluation - Trial 101,2023-01-08,2023-05-05
112,P378,2023-02-11,2023-03-08,Hypertension,Drug_C,320,69,F,Spain,80235086A,New Drug Evaluation - Trial 112,2023-01-08,2023-03-21
107,P483,2023-02-21,2023-03-25,Diabetes,Drug_E,125,71,F,ARG,20-77211630-6,Low Dose - Trial 107,2023-01-11,2023-04-13
103,P320,2023-04-08,2023-05-24,Hypertension,Drug_D,356,40,F,UK,VM151348S,High Dose - Trial 103,2023-02-22,2023-05-26
105,P182,2023-01-02,2023-03-17,Cardiovascular,Drug_B,460,69,M,Spain,15871014J,Combination Therapy - Trial 105,2023-01-02,2023-03-26
106,P310,2023-03-16,2023-04-02,Diabetes,Drug_E,436,77,F,MEX,YQND628465HPGRY9,Combination Therapy - Trial 106,2023-02-12,2023-04-17
119,P180,2023-02-19,2023-03-27,Diabetes,Drug_E,26,48,F,MEX,JAKE494492HEXP2R,Low Dose - Trial 119,2023-02-11,2023-03-31
105,P042,2023-01-31,2023-03-04,Diabetes,Drug_E,54,31,F,UK,GQ718991W,Combination Therapy - Trial 105,2023-01-02,2023-03-26
100,P364,2023-02-05,2023-03-03,Hypertension,Drug_C,334,37,M,ARG,27-15406323-9,High Dose - Trial 100,2023-02-04,2023-03-07
105,P197,2023-01-29,2023-02-23,Diabetes,Drug_E,109,52,F,ARG,23-28355632-1,Combination Therapy - Trial 105,2023-01-02,2023-03-26
102,P096,2023-03-15,2023-04-01,Cardiovascular,Drug_A,308,21,F,UK,NN170789F,Low Dose - Trial 102,2023-03-02,2023-04-24
100,P355,2023-02-14,2023-03-06,Cardiovascular,Drug_A,27,29,F,Germany,9675161460M,High Dose - Trial 100,2023-02-04,2023-03-07
118,P468,2023-02-14,2023-04-20,Hypertension,Drug_C,39,24,F,Germany,2792822037M,New Drug Evaluation - Trial 118,2023-01-28,2023-05-28
100,P329,2023-02-19,2023-03-06,Hypertension,Drug_D,118,63,F,UK,FI726523X,High Dose - Trial 100,2023-02-04,2023-03-07
116,P152,2023-02-23,2023-03-15,Hypertension,Drug_D,112,76,F,Spain,00961402P,High Dose - Trial 116,2023-01-29,2023-03-23
115,P248,2023-03-16,2023-04-17,Diabetes,Drug_E,161,30,F,Germany,5803656819F,Combination Therapy - Trial 115,2023-02-07,2023-05-17
107,P248,2023-02-25,2023-03-13,Diabetes,Drug_E,403,30,F,Germany,5803656819F,Low Dose - Trial 107,2023-01-11,2023-04-13
117,P277,2023-02-16,2023-04-10,Cardiovascular,Drug_B,439,61,M,MEX,QPRZ611354MVMJ3L,Low Dose - Trial 117,2023-01-22,2023-04-16
113,P083,2023-01-24,2023-02-14,Hypertension,Drug_C,382,59,M,ARG,27-33488673-7,Combination Therapy - Trial 113,2023-01-01,2023-02-18
117,P110,2023-02-22,2023-03-23,Hypertension,Drug_C,184,56,M,ARG,20-90287410-5,Low Dose - Trial 117,2023-01-22,2023-04-16
107,P228,2023-01-19,2023-03-07,Cardiovascular,Drug_A,279,25,F,MEX,VXGH445872HXBFQI,Low Dose - Trial 107,2023-01-11,2023-04-13
102,P304,2023-03-10,2023-04-02,Cardiovascular,Drug_A,97,49,M,ARG,23-59563182-6,Low Dose - Trial 102,2023-03-02,2023-04-24
117,P177,2023-01-22,2023-03-07,Hypertension,Drug_C,126,42,M,Spain,55152217P,Low Dose - Trial 117,2023-01-22,2023-04-16
115,P177,2023-02-11,2023-03-26,Cardiovascular,Drug_A,19,42,M,Spain,55152217P,Combination Therapy - Trial 115,2023-02-07,2023-05-17
100,P051,2023-02-16,2023-03-03,Diabetes,Drug_E,451,40,M,UK,LH693904K,High Dose - Trial 100,2023-02-04,2023-03-07
103,P333,2023-03-24,2023-05-26,Hypertension,Drug_D,90,33,F,Spain,52284147O,High Dose - Trial 103,2023-02-22,2023-05-26
107,P467,2023-02-23,2023-03-24,Diabetes,Drug_E,298,77,F,Germany,6797283155F,Low Dose - Trial 107,2023-01-11,2023-04-13
100,P238,2023-02-07,2023-02-25,Diabetes,Drug_E,177,54,M,MEX,ZNST443863MJUOAH,High Dose - Trial 100,2023-02-04,2023-03-07
101,P190,2023-01-18,2023-04-02,Diabetes,Drug_E,73,67,F,ARG,23-96896753-9,New Drug Evaluation - Trial 101,2023-01-08,2023-05-05
101,P335,2023-02-16,2023-03-16,Hypertension,Drug_D,103,55,M,ARG,20-76911483-3,New Drug Evaluation - Trial 101,2023-01-08,2023-05-05
105,P500,2023-01-02,2023-01-17,Diabetes,Drug_E,135,32,F,Spain,69161989A,Combination Therapy - Trial 105,2023-01-02,2023-03-26
106,P052,2023-02-15,2023-04-12,Hypertension,Drug_D,188,24,F,MEX,NCVK095943MZH5I3,Combination Therapy - Trial 106,2023-02-12,2023-04-17
117,P143,2023-02-03,2023-04-15,Hypertension,Drug_C,71,62,F,Germany,6218955890F,Low Dose - Trial 117,2023-01-22,2023-04-16
102,P377,2023-03-19,2023-04-20,Hypertension,Drug_C,229,39,M,MEX,JJDD439782MNI8ID,Low Dose - Trial 102,2023-03-02,2023-04-24
107,P499,2023-02-01,2023-03-07,Hypertension,Drug_C,445,52,M,Spain,00713610F,Low Dose - Trial 107,2023-01-11,2023-04-13
102,P382,2023-03-28,2023-04-19,Hypertension,Drug_C,78,60,M,UK,DG423176G,Low Dose - Trial 102,2023-03-02,2023-04-24
109,P357,2023-03-23,2023-04-22,Hypertension,Drug_C,489,40,F,Spain,02431970J,Low Dose - Trial 109,2023-03-01,2023-05-07
101,P262,2023-03-05,2023-05-05,Hypertension,Drug_C,386,36,F,ARG,23-77284106-8,New Drug Evaluation - Trial 101,2023-01-08,2023-05-05
114,P018,2023-03-11,2023-03-29,Diabetes,Drug_E,236,34,F,ARG,20-83364513-2,Combination Therapy - Trial 114,2023-02-10,2023-04-28
114,P446,2023-02-11,2023-04-21,Diabetes,Drug_E,320,31,F,Germany,0975119864F,Combination Therapy - Trial 114,2023-02-10,2023-04-28
104,P293,2023-02-14,2023-03-21,Cardiovascular,Drug_A,315,72,M,MEX,FIAD995407MQFGT9,Long-Term Study - Trial 104,2023-01-23,2023-03-24
110,P162,2023-02-28,2023-03-16,Cardiovascular,Drug_A,181,62,M,Germany,7941702909F,High Dose - Trial 110,2023-02-04,2023-05-16
119,P408,2023-03-01,2023-03-16,Cardiovascular,Drug_B,61,53,F,Spain,60337124C,Low Dose - Trial 119,2023-02-11,2023-03-31
108,P057,2023-03-08,2023-03-30,Cardiovascular,Drug_A,43,39,F,MEX,GSDZ406380HLRHL7,New Drug Evaluation - Trial 108,2023-02-26,2023-04-15
101,P091,2023-03-07,2023-03-23,Diabetes,Drug_E,382,66,F,ARG,23-17634272-4,New Drug Evaluation - Trial 101,2023-01-08,2023-05-05
108,P257,2023-03-16,2023-04-08,Cardiovascular,Drug_A,97,26,M,UK,XK642489X,New Drug Evaluation - Trial 108,2023-02-26,2023-04-15
119,P417,2023-02-27,2023-03-16,Cardiovascular,Drug_A,185,72,F,UK,QM216001N,Low Dose - Trial 119,2023-02-11,2023-03-31
113,P092,2023-01-22,2023-02-08,Hypertension,Drug_D,18,79,M,MEX,ODUG807023MXSETL,Combination Therapy - Trial 113,2023-01-01,2023-02-18
104,P124,2023-01-27,2023-03-17,Hypertension,Drug_D,397,55,F,ARG,23-77863447-5,Long-Term Study - Trial 104,2023-01-23,2023-03-24
109,P153,2023-03-26,2023-04-22,Hypertension,Drug_C,175,44,F,ARG,27-07780935-3,Low Dose - Trial 109,2023-03-01,2023-05-07
101,P153,2023-01-19,2023-03-11,Hypertension,Drug_D,380,44,F,ARG,27-07780935-3,New Drug Evaluation - Trial 101,2023-01-08,2023-05-05
113,P046,2023-01-11,2023-02-07,Hypertension,Drug_C,481,77,F,MEX,WVWI279402MCIPY8,Combination Therapy - Trial 113,2023-01-01,2023-02-18
117,P464,2023-02-19,2023-04-09,Diabetes,Drug_E,38,26,F,ARG,27-84989892-4,Low Dose - Trial 117,2023-01-22,2023-04-16
117,P061,2023-02-24,2023-04-04,Hypertension,Drug_C,35,47,M,Germany,1947051149M,Low Dose - Trial 117,2023-01-22,2023-04-16
100,P188,2023-02-12,2023-02-27,Hypertension,Drug_C,308,66,M,Germany,4888876036F,High Dose - Trial 100,2023-02-04,2023-03-07
119,P472,2023-02-25,2023-03-14,Diabetes,Drug_E,149,33,M,UK,RF738732X,Low Dose - Trial 119,2023-02-11,2023-03-31
104,P108,2023-02-09,2023-03-20,Cardiovascular,Drug_B,87,54,F,Spain,99317249T,Long-Term Study - Trial 104,2023-01-23,2023-03-24
100,P200,2023-02-12,2023-03-07,Cardiovascular,Drug_B,304,62,M,UK,YX239589D,High Dose - Trial 100,2023-02-04,2023-03-07
114,P298,2023-03-18,2023-04-13,Diabetes,Drug_E,306,67,F,ARG,27-07368704-6,Combination Therapy - Trial 114,2023-02-10,2023-04-28
113,P298,2023-01-22,2023-02-17,Diabetes,Drug_E,241,67,F,ARG,27-07368704-6,Combination Therapy - Trial 113,2023-01-01,2023-02-18
104,P047,2023-02-13,2023-03-09,Hypertension,Drug_C,334,68,M,UK,MP087005X,Long-Term Study - Trial 104,2023-01-23,2023-03-24
116,P155,2023-02-17,2023-03-06,Hypertension,Drug_C,192,46,M,Germany,9978803832M,High Dose - Trial 116,2023-01-29,2023-03-23
114,P155,2023-03-19,2023-04-26,Cardiovascular,Drug_A,452,46,M,Germany,9978803832M,Combination Therapy - Trial 114,2023-02-10,2023-04-28
110,P452,2023-02-22,2023-03-15,Cardiovascular,Drug_B,418,40,M,Spain,29235535O,High Dose - Trial 110,2023-02-04,2023-05-16
116,P119,2023-02-05,2023-03-21,Hypertension,Drug_C,368,62,F,Germany,7407989012M,High Dose - Trial 116,2023-01-29,2023-03-23
103,P100,2023-04-01,2023-04-17,Cardiovascular,Drug_A,12,69,M,UK,TS759212Z,High Dose - Trial 103,2023-02-22,2023-05-26
101,P246,2023-01-10,2023-05-05,Cardiovascular,Drug_B,363,63,M,Spain,46778006H,New Drug Evaluation - Trial 101,2023-01-08,2023-05-05
113,P218,2023-01-20,2023-02-11,Cardiovascular,Drug_B,424,50,F,UK,HF234338T,Combination Therapy - Trial 113,2023-01-01,2023-02-18
105,P324,2023-02-08,2023-03-11,Hypertension,Drug_D,249,60,M,Germany,8635780333F,Combination Therapy - Trial 105,2023-01-02,2023-03-26
117,P210,2023-02-26,2023-03-29,Cardiovascular,Drug_A,492,31,M,MEX,NQHU744630MHIZR0,Low Dose - Trial 117,2023-01-22,2023-04-16
100,P210,2023-02-10,2023-03-07,Hypertension,Drug_D,106,31,M,MEX,NQHU744630MHIZR0,High Dose - Trial 100,2023-02-04,2023-03-07
112,P138,2023-01-27,2023-03-14,Cardiovascular,Drug_B,297,57,F,ARG,20-86695195-8,New Drug Evaluation - Trial 112,2023-01-08,2023-03-21
114,P138,2023-02-16,2023-04-02,Cardiovascular,Drug_B,86,57,F,ARG,20-86695195-8,Combination Therapy - Trial 114,2023-02-10,2023-04-28
111,P005,2023-01-26,2023-02-15,Hypertension,Drug_C,392,21,F,MEX,UCLD118048MDIIDU,New Drug Evaluation - Trial 111,2023-01-19,2023-04-01
112,P206,2023-02-07,2023-02-24,Hypertension,Drug_D,96,79,F,MEX,FDSB675673HNBU8D,New Drug Evaluation - Trial 112,2023-01-08,2023-03-21
102,P363,2023-03-09,2023-03-28,Diabetes,Drug_E,214,25,M,ARG,20-89778754-0,Low Dose - Trial 102,2023-03-02,2023-04-24
106,P099,2023-02-26,2023-04-11,Diabetes,Drug_E,215,20,M,UK,KN738583G,Combination Therapy - Trial 106,2023-02-12,2023-04-17
107,P323,2023-01-22,2023-04-01,Cardiovascular,Drug_B,97,52,M,Spain,86716810R,Low Dose - Trial 107,2023-01-11,2023-04-13
104,P440,2023-02-15,2023-03-06,Hypertension,Drug_C,26,68,F,ARG,27-98769524-0,Long-Term Study - Trial 104,2023-01-23,2023-03-24
108,P453,2023-03-13,2023-04-10,Hypertension,Drug_D,106,79,F,Spain,29246946P,New Drug Evaluation - Trial 108,2023-02-26,2023-04-15
105,P185,2023-01-18,2023-03-18,Hypertension,Drug_D,304,55,F,ARG,23-40951606-6,Combination Therapy - Trial 105,2023-01-02,2023-03-26
104,P214,2023-02-06,2023-03-24,Diabetes,Drug_E,255,33,M,Germany,8188705018F,Long-Term Study - Trial 104,2023-01-23,2023-03-24
106,P144,2023-02-17,2023-04-05,Hypertension,Drug_C,372,23,F,ARG,27-54655800-8,Combination Therapy - Trial 106,2023-02-12,2023-04-17
104,P041,2023-01-26,2023-03-05,Cardiovascular,Drug_B,283,53,F,UK,FS121007I,Long-Term Study - Trial 104,2023-01-23,2023-03-24
108,P289,2023-03-20,2023-04-10,Diabetes,Drug_E,223,50,M,UK,MH352361S,New Drug Evaluation - Trial 108,2023-02-26,2023-04-15
114,P102,2023-02-13,2023-04-19,Hypertension,Drug_D,362,29,F,Germany,7311184625M,Combination Therapy - Trial 114,2023-02-10,2023-04-28
100,P097,2023-02-04,2023-03-03,Cardiovascular,Drug_A,303,62,M,Germany,7859979723M,High Dose - Trial 100,2023-02-04,2023-03-07
100,P224,2023-02-11,2023-02-26,Hypertension,Drug_C,139,53,M,ARG,20-25818059-4,High Dose - Trial 100,2023-02-04,2023-03-07
117,P212,2023-01-26,2023-03-16,Hypertension,Drug_D,254,60,M,UK,AC508369B,Low Dose - Trial 117,2023-01-22,2023-04-16
100,P481,2023-02-13,2023-02-28,Cardiovascular,Drug_A,225,45,M,Germany,6932482435F,High Dose - Trial 100,2023-02-04,2023-03-07
113,P075,2023-01-04,2023-02-04,Diabetes,Drug_E,17,52,M,UK,FW239471B,Combination Therapy - Trial 113,2023-01-01,2023-02-18
113,P370,2023-01-17,2023-02-12,Hypertension,Drug_D,170,45,F,MEX,DNMX964532HPEF89,Combination Therapy - Trial 113,2023-01-01,2023-02-18
115,P370,2023-03-07,2023-04-25,Hypertension,Drug_D,268,45,F,MEX,DNMX964532HPEF89,Combination Therapy - Trial 115,2023-02-07,2023-05-17
116,P205,2023-02-12,2023-03-08,Hypertension,Drug_D,390,51,M,UK,LO693372U,High Dose - Trial 116,2023-01-29,2023-03-23
109,P301,2023-03-07,2023-04-21,Diabetes,Drug_E,428,22,F,UK,EU398767S,Low Dose - Trial 109,2023-03-01,2023-05-07
107,P055,2023-02-22,2023-04-12,Hypertension,Drug_C,335,62,F,MEX,DKMT159253MFRSDA,Low Dose - Trial 107,2023-01-11,2023-04-13
106,P477,2023-03-14,2023-04-14,Hypertension,Drug_C,16,47,M,MEX,PZEM330556MNCXMF,Combination Therapy - Trial 106,2023-02-12,2023-04-17
113,P487,2023-01-22,2023-02-11,Diabetes,Drug_E,196,29,M,UK,NL670213R,Combination Therapy - Trial 113,2023-01-01,2023-02-18
116,P487,2023-01-29,2023-03-18,Cardiovascular,Drug_A,480,29,M,UK,NL670213R,High Dose - Trial 116,2023-01-29,2023-03-23
113,P094,2023-01-13,2023-02-07,Diabetes,Drug_E,217,29,F,ARG,23-43569678-1,Combination Therapy - Trial 113,2023-01-01,2023-02-18
101,P094,2023-03-02,2023-03-20,Diabetes,Drug_E,496,29,F,ARG,23-43569678-1,New Drug Evaluation - Trial 101,2023-01-08,2023-05-05
101,P365,2023-01-19,2023-03-07,Diabetes,Drug_E,305,79,F,MEX,BSSK029676HBB6KZ,New Drug Evaluation - Trial 101,2023-01-08,2023-05-05
103,P007,2023-03-02,2023-04-07,Cardiovascular,Drug_A,105,78,F,MEX,GWDR522929HAGBD2,High Dose - Trial 103,2023-02-22,2023-05-26
101,P007,2023-01-25,2023-02-25,Diabetes,Drug_E,65,78,F,MEX,GWDR522929HAGBD2,New Drug Evaluation - Trial 101,2023-01-08,2023-05-05
116,P373,2023-02-20,2023-03-21,Diabetes,Drug_E,386,45,M,Germany,1631180040F,High Dose - Trial 116,2023-01-29,2023-03-23
113,P236,2023-01-04,2023-01-27,Hypertension,Drug_C,37,57,F,Spain,58017366B,Combination Therapy - Trial 113,2023-01-01,2023-02-18
101,P139,2023-01-11,2023-02-15,Diabetes,Drug_E,23,36,M,ARG,23-76541497-9,New Drug Evaluation - Trial 101,2023-01-08,2023-05-05
118,P380,2023-03-22,2023-05-17,Hypertension,Drug_C,63,23,M,UK,EI368573Y,New Drug Evaluation - Trial 118,2023-01-28,2023-05-28
119,P076,2023-02-20,2023-03-25,Diabetes,Drug_E,485,49,M,Germany,3240372092M,Low Dose - Trial 119,2023-02-11,2023-03-31
109,P076,2023-03-05,2023-04-22,Hypertension,Drug_C,111,49,M,Germany,3240372092M,Low Dose - Trial 109,2023-03-01,2023-05-07
117,P052,2023-02-28,2023-04-11,Hypertension,Drug_D,463,24,F,MEX,NCVK095943MZH5I3,Low Dose - Trial 117,2023-01-22,2023-04-16
104,P045,2023-02-12,2023-03-01,Diabetes,Drug_E,350,25,F,MEX,AKRT763853MBS9PB,Long-Term Study - Trial 104,2023-01-23,2023-03-24
101,P392,2023-03-01,2023-04-23,Cardiovascular,Drug_A,500,53,M,ARG,23-39283378-4,New Drug Evaluation - Trial 101,2023-01-08,2023-05-05
111,P392,2023-01-19,2023-03-07,Cardiovascular,Drug_A,131,53,M,ARG,23-39283378-4,New Drug Evaluation - Trial 111,2023-01-19,2023-04-01
102,P443,2023-03-04,2023-04-08,Diabetes,Drug_E,190,54,M,Spain,19627606H,Low Dose - Trial 102,2023-03-02,2023-04-24
110,P071,2023-03-18,2023-04-30,Diabetes,Drug_E,414,37,M,Germany,9006748544F,High Dose - Trial 110,2023-02-04,2023-05-16
101,P420,2023-01-21,2023-05-02,Diabetes,Drug_E,434,35,M,Germany,7636719207F,New Drug Evaluation - Trial 101,2023-01-08,2023-05-05
107,P149,2023-02-16,2023-04-06,Cardiovascular,Drug_B,126,49,F,ARG,27-05684394-8,Low Dose - Trial 107,2023-01-11,2023-04-13
118,P112,2023-01-29,2023-03-09,Hypertension,Drug_D,273,31,F,Spain,54381961A,New Drug Evaluation - Trial 118,2023-01-28,2023-05-28
102,P426,2023-03-02,2023-04-20,Cardiovascular,Drug_B,426,53,M,Germany,1651272164F,Low Dose - Trial 102,2023-03-02,2023-04-24
116,P011,2023-02-12,2023-03-07,Diabetes,Drug_E,462,30,F,Germany,5156792580F,High Dose - Trial 116,2023-01-29,2023-03-23
112,P358,2023-01-15,2023-02-08,Diabetes,Drug_E,342,33,M,Germany,7468354285F,New Drug Evaluation - Trial 112,2023-01-08,2023-03-21
111,P358,2023-01-23,2023-03-23,Diabetes,Drug_E,179,33,M,Germany,7468354285F,New Drug Evaluation - Trial 111,2023-01-19,2023-04-01
107,P090,2023-02-01,2023-03-11,Hypertension,Drug_D,439,62,M,MEX,CVZR690228MYUBSE,Low Dose - Trial 107,2023-01-11,2023-04-13
103,P090,2023-03-15,2023-04-04,Hypertension,Drug_C,140,62,M,MEX,CVZR690228MYUBSE,High Dose - Trial 103,2023-02-22,2023-05-26
106,P367,2023-02-20,2023-04-17,Diabetes,Drug_E,77,39,F,Spain,24235762A,Combination Therapy - Trial 106,2023-02-12,2023-04-17
113,P288,2023-01-13,2023-02-10,Diabetes,Drug_E,38,74,F,ARG,23-86071149-4,Combination Therapy - Trial 113,2023-01-01,2023-02-18
102,P446,2023-03-09,2023-04-20,Diabetes,Drug_E,331,31,F,Germany,0975119864F,Low Dose - Trial 102,2023-03-02,2023-04-24
118,P075,2023-03-28,2023-04-16,Cardiovascular,Drug_B,70,52,M,UK,FW239471B,New Drug Evaluation - Trial 118,2023-01-28,2023-05-28
101,P424,2023-01-16,2023-02-08,Hypertension,Drug_C,483,27,M,ARG,20-23734635-7,New Drug Evaluation - Trial 101,2023-01-08,2023-05-05
112,P270,2023-01-27,2023-03-13,Diabetes,Drug_E,453,51,M,ARG,23-06556424-3,New Drug Evaluation - Trial 112,2023-01-08,2023-03-21
114,P270,2023-02-20,2023-03-17,Hypertension,Drug_D,97,51,M,ARG,23-06556424-3,Combination Therapy - Trial 114,2023-02-10,2023-04-28
114,P043,2023-02-24,2023-03-29,Cardiovascular,Drug_A,228,53,M,UK,CN913493J,Combination Therapy - Trial 114,2023-02-10,2023-04-28
109,P286,2023-03-03,2023-03-25,Cardiovascular,Drug_A,392,76,M,ARG,27-69968219-3,Low Dose - Trial 109,2023-03-01,2023-05-07
100,P171,2023-02-05,2023-02-24,Diabetes,Drug_E,72,45,M,UK,SS057334Y,High Dose - Trial 100,2023-02-04,2023-03-07
103,P253,2023-03-22,2023-05-08,Cardiovascular,Drug_A,69,69,M,Germany,4880048049F,High Dose - Trial 103,2023-02-22,2023-05-26
115,P360,2023-02-09,2023-04-01,Hypertension,Drug_D,379,76,F,Germany,4730400416F,Combination Therapy - Trial 115,2023-02-07,2023-05-17
104,P181,2023-02-12,2023-03-19,Diabetes,Drug_E,70,26,M,UK,YX343604L,Long-Term Study - Trial 104,2023-01-23,2023-03-24
111,P181,2023-01-31,2023-03-01,Diabetes,Drug_E,489,26,M,UK,YX343604L,New Drug Evaluation - Trial 111,2023-01-19,2023-04-01
106,P329,2023-03-15,2023-04-04,Hypertension,Drug_C,500,63,F,UK,FI726523X,Combination Therapy - Trial 106,2023-02-12,2023-04-17
107,P329,2023-02-21,2023-03-19,Diabetes,Drug_E,499,63,F,UK,FI726523X,Low Dose - Trial 107,2023-01-11,2023-04-13
119,P074,2023-02-23,2023-03-21,Hypertension,Drug_D,52,54,M,MEX,FHSU828891MZF6F8,Low Dose - Trial 119,2023-02-11,2023-03-31
115,P167,2023-03-07,2023-05-13,Diabetes,Drug_E,292,37,F,UK,PT423360J,Combination Therapy - Trial 115,2023-02-07,2023-05-17
111,P101,2023-02-07,2023-03-14,Cardiovascular,Drug_A,12,63,M,ARG,27-65396116-0,New Drug Evaluation - Trial 111,2023-01-19,2023-04-01
116,P101,2023-02-02,2023-03-06,Cardiovascular,Drug_A,348,63,M,ARG,27-65396116-0,High Dose - Trial 116,2023-01-29,2023-03-23
107,P010,2023-02-02,2023-02-25,Hypertension,Drug_C,344,70,F,Spain,11790594R,Low Dose - Trial 107,2023-01-11,2023-04-13
116,P421,2023-02-13,2023-03-09,Hypertension,Drug_C,92,20,F,Spain,88267384F,High Dose - Trial 116,2023-01-29,2023-03-23
108,P054,2023-03-22,2023-04-13,Diabetes,Drug_E,123,35,M,MEX,NVIZ445527MHEQOE,New Drug Evaluation - Trial 108,2023-02-26,2023-04-15
107,P258,2023-01-16,2023-02-09,Diabetes,Drug_E,394,33,M,MEX,PXPO774601MAIMPO,Low Dose - Trial 107,2023-01-11,2023-04-13
114,P431,2023-03-06,2023-04-13,Diabetes,Drug_E,157,28,F,Germany,8145115318M,Combination Therapy - Trial 114,2023-02-10,2023-04-28
119,P058,2023-02-23,2023-03-20,Cardiovascular,Drug_B,418,28,M,ARG,27-63681246-6,Low Dose - Trial 119,2023-02-11,2023-03-31
114,P387,2023-02-27,2023-03-15,Cardiovascular,Drug_A,468,75,F,Germany,8844035676M,Combination Therapy - Trial 114,2023-02-10,2023-04-28
104,P395,2023-02-17,2023-03-10,Cardiovascular,Drug_A,55,51,F,MEX,GPTR477433MRSUOV,Long-Term Study - Trial 104,2023-01-23,2023-03-24
106,P009,2023-03-05,2023-04-17,Diabetes,Drug_E,423,29,M,UK,EF455287P,Combination Therapy - Trial 106,2023-02-12,2023-04-17
118,P409,2023-03-17,2023-05-26,Hypertension,Drug_C,10,71,M,Spain,43312143X,New Drug Evaluation - Trial 118,2023-01-28,2023-05-28
104,P088,2023-02-06,2023-03-10,Hypertension,Drug_D,480,27,F,Spain,67042430O,Long-Term Study - Trial 104,2023-01-23,2023-03-24
104,P015,2023-02-17,2023-03-11,Cardiovascular,Drug_B,335,72,F,UK,KU523535Y,Long-Term Study - Trial 104,2023-01-23,2023-03-24
115,P363,2023-02-09,2023-03-23,Diabetes,Drug_E,394,25,M,ARG,20-89778754-0,Combination Therapy - Trial 115,2023-02-07,2023-05-17
113,P227,2023-01-17,2023-02-07,Diabetes,Drug_E,288,44,M,MEX,HGJS764956HTW7BH,Combination Therapy - Trial 113,2023-01-01,2023-02-18
119,P175,2023-02-17,2023-03-20,Cardiovascular,Drug_B,243,64,M,ARG,27-83956723-7,Low Dose - Trial 119,2023-02-11,2023-03-31
105,P126,2023-02-12,2023-03-13,Diabetes,Drug_E,88,63,M,Germany,5362954619F,Combination Therapy - Trial 105,2023-01-02,2023-03-26
103,P328,2023-03-10,2023-04-27,Cardiovascular,Drug_A,233,43,F,ARG,27-15591084-6,High Dose - Trial 103,2023-02-22,2023-05-26
101,P328,2023-01-18,2023-04-12,Diabetes,Drug_E,105,43,F,ARG,27-15591084-6,New Drug Evaluation - Trial 101,2023-01-08,2023-05-05
100,P391,2023-02-04,2023-03-06,Diabetes,Drug_E,414,65,M,ARG,23-19991147-9,High Dose - Trial 100,2023-02-04,2023-03-07
119,P178,2023-02-11,2023-03-01,Hypertension,Drug_D,17,49,M,Germany,2632907618M,Low Dose - Trial 119,2023-02-11,2023-03-31
114,P455,2023-02-26,2023-03-17,Diabetes,Drug_E,35,43,M,UK,NB621105I,Combination Therapy - Trial 114,2023-02-10,2023-04-28
106,P478,2023-03-13,2023-04-12,Diabetes,Drug_E,489,54,F,ARG,23-82843319-7,Combination Therapy - Trial 106,2023-02-12,2023-04-17
105,P478,2023-01-03,2023-01-20,Diabetes,Drug_E,137,54,F,ARG,23-82843319-7,Combination Therapy - Trial 105,2023-01-02,2023-03-26
115,P295,2023-02-16,2023-03-12,Diabetes,Drug_E,307,27,M,ARG,23-68881518-7,Combination Therapy - Trial 115,2023-02-07,2023-05-17
115,P331,2023-03-16,2023-05-05,Hypertension,Drug_D,130,29,M,ARG,27-86498562-3,Combination Therapy - Trial 115,2023-02-07,2023-05-17
109,P022,2023-03-03,2023-03-18,Hypertension,Drug_C,248,77,M,ARG,20-49263876-2,Low Dose - Trial 109,2023-03-01,2023-05-07
112,P022,2023-02-06,2023-03-19,Cardiovascular,Drug_A,490,77,M,ARG,20-49263876-2,New Drug Evaluation - Trial 112,2023-01-08,2023-03-21
102,P369,2023-03-17,2023-04-23,Diabetes,Drug_E,124,75,M,ARG,27-84642797-7,Low Dose - Trial 102,2023-03-02,2023-04-24
108,P369,2023-02-26,2023-03-25,Cardiovascular,Drug_B,85,75,M,ARG,27-84642797-7,New Drug Evaluation - Trial 108,2023-02-26,2023-04-15
102,P368,2023-03-06,2023-04-11,Cardiovascular,Drug_B,135,76,M,MEX,ZRFL301712HSXCV0,Low Dose - Trial 102,2023-03-02,2023-04-24
100,P111,2023-02-12,2023-03-07,Diabetes,Drug_E,214,27,F,ARG,23-28250133-9,High Dose - Trial 100,2023-02-04,2023-03-07
104,P460,2023-02-13,2023-03-04,Diabetes,Drug_E,326,20,M,Germany,2175093989F,Long-Term Study - Trial 104,2023-01-23,2023-03-24
109,P460,2023-03-26,2023-04-29,Hypertension,Drug_C,250,20,M,Germany,2175093989F,Low Dose - Trial 109,2023-03-01,2023-05-07
106,P302,2023-03-08,2023-03-29,Diabetes,Drug_E,291,20,M,Germany,1223894477F,Combination Therapy - Trial 106,2023-02-12,2023-04-17
109,P109,2023-03-03,2023-04-16,Hypertension,Drug_D,314,22,M,ARG,23-30658197-6,Low Dose - Trial 109,2023-03-01,2023-05-07
113,P469,2023-01-04,2023-02-06,Hypertension,Drug_C,235,61,F,UK,IQ385743P,Combination Therapy - Trial 113,2023-01-01,2023-02-18
104,P406,2023-01-30,2023-02-16,Hypertension,Drug_D,310,36,M,UK,FK334651P,Long-Term Study - Trial 104,2023-01-23,2023-03-24
116,P278,2023-02-06,2023-03-16,Diabetes,Drug_E,212,77,F,Germany,1077173836F,High Dose - Trial 116,2023-01-29,2023-03-23
110,P278,2023-03-22,2023-04-12,Hypertension,Drug_D,396,77,F,Germany,1077173836F,High Dose - Trial 110,2023-02-04,2023-05-16
109,P376,2023-03-05,2023-03-27,Cardiovascular,Drug_A,15,35,M,ARG,23-18747558-1,Low Dose - Trial 109,2023-03-01,2023-05-07
107,P418,2023-01-26,2023-02-19,Diabetes,Drug_E,72,78,F,MEX,BZKD745544HMGX0F,Low Dose - Trial 107,2023-01-11,2023-04-13
116,P034,2023-02-09,2023-03-02,Hypertension,Drug_C,45,27,F,ARG,27-77220788-8,High Dose - Trial 116,2023-01-29,2023-03-23
114,P283,2023-03-11,2023-04-18,Cardiovascular,Drug_B,281,21,F,MEX,YHEH022163MFCOC5,Combination Therapy - Trial 114,2023-02-10,2023-04-28
101,P434,2023-01-11,2023-04-21,Diabetes,Drug_E,133,77,M,Spain,55852566S,New Drug Evaluation - Trial 101,2023-01-08,2023-05-05
119,P434,2023-02-11,2023-03-03,Hypertension,Drug_C,389,77,M,Spain,55852566S,Low Dose - Trial 119,2023-02-11,2023-03-31
114,P082,2023-02-11,2023-04-14,Cardiovascular,Drug_B,194,76,F,MEX,ZGOA327923MERKKA,Combination Therapy - Trial 114,2023-02-10,2023-04-28
113,P192,2023-01-13,2023-02-05,Cardiovascular,Drug_B,329,57,F,Spain,87384189W,Combination Therapy - Trial 113,2023-01-01,2023-02-18
100,P040,2023-02-10,2023-03-04,Hypertension,Drug_D,373,21,M,MEX,FJZV655575MIDU1V,High Dose - Trial 100,2023-02-04,2023-03-07
115,P136,2023-03-15,2023-03-31,Diabetes,Drug_E,140,76,M,Spain,63732349O,Combination Therapy - Trial 115,2023-02-07,2023-05-17
115,P225,2023-03-26,2023-05-05,Diabetes,Drug_E,168,28,F,Spain,09034465I,Combination Therapy - Trial 115,2023-02-07,2023-05-17
118,P371,2023-03-11,2023-03-27,Hypertension,Drug_C,204,22,M,ARG,23-78804240-5,New Drug Evaluation - Trial 118,2023-01-28,2023-05-28
112,P371,2023-01-24,2023-03-01,Cardiovascular,Drug_A,309,22,M,ARG,23-78804240-5,New Drug Evaluation - Trial 112,2023-01-08,2023-03-21
116,P411,2023-02-18,2023-03-07,Hypertension,Drug_C,390,22,F,Spain,38181112C,High Dose - Trial 116,2023-01-29,2023-03-23
117,P411,2023-01-24,2023-03-22,Hypertension,Drug_D,90,22,F,Spain,38181112C,Low Dose - Trial 117,2023-01-22,2023-04-16
101,P280,2023-03-04,2023-04-26,Diabetes,Drug_E,27,35,M,Spain,60889357G,New Drug Evaluation - Trial 101,2023-01-08,2023-05-05
112,P280,2023-01-15,2023-02-25,Hypertension,Drug_C,424,35,M,Spain,60889357G,New Drug Evaluation - Trial 112,2023-01-08,2023-03-21
115,P261,2023-02-07,2023-03-30,Hypertension,Drug_D,497,31,F,UK,EP926712F,Combination Therapy - Trial 115,2023-02-07,2023-05-17
109,P284,2023-03-06,2023-05-05,Diabetes,Drug_E,201,54,F,Germany,3636851520F,Low Dose - Trial 109,2023-03-01,2023-05-07
115,P495,2023-03-17,2023-05-12,Hypertension,Drug_C,214,23,F,MEX,KTTL505786MXKI6F,Combination Therapy - Trial 115,2023-02-07,2023-05-17
100,P044,2023-02-15,2023-03-02,Cardiovascular,Drug_A,103,79,M,UK,ZP073799S,High Dose - Trial 100,2023-02-04,2023-03-07
112,P144,2023-02-03,2023-02-24,Hypertension,Drug_C,341,23,F,ARG,27-54655800-8,New Drug Evaluation - Trial 112,2023-01-08,2023-03-21
110,P158,2023-02-10,2023-05-12,Cardiovascular,Drug_A,136,49,M,UK,BT739951R,High Dose - Trial 110,2023-02-04,2023-05-16
112,P183,2023-02-10,2023-03-07,Diabetes,Drug_E,207,77,M,Germany,7420320246F,New Drug Evaluation - Trial 112,2023-01-08,2023-03-21
106,P039,2023-03-01,2023-03-21,Diabetes,Drug_E,371,23,F,Germany,9328714523F,Combination Therapy - Trial 106,2023-02-12,2023-04-17
112,P303,2023-02-04,2023-02-20,Diabetes,Drug_E,311,41,M,ARG,23-19212627-9,New Drug Evaluation - Trial 112,2023-01-08,2023-03-21
118,P303,2023-02-07,2023-05-13,Cardiovascular,Drug_B,145,41,M,ARG,23-19212627-9,New Drug Evaluation - Trial 118,2023-01-28,2023-05-28
117,P103,2023-02-17,2023-03-08,Hypertension,Drug_C,297,27,M,Germany,8862436318F,Low Dose - Trial 117,2023-01-22,2023-04-16
112,P482,2023-01-12,2023-02-26,Hypertension,Drug_D,115,30,M,Germany,5569341762M,New Drug Evaluation - Trial 112,2023-01-08,2023-03-21
110,P208,2023-02-07,2023-03-30,Hypertension,Drug_D,491,57,F,Germany,3570075512F,High Dose - Trial 110,2023-02-04,2023-05-16
119,P420,2023-03-03,2023-03-19,Diabetes,Drug_E,415,35,M,Germany,7636719207F,Low Dose - Trial 119,2023-02-11,2023-03-31
106,P300,2023-03-10,2023-03-29,Diabetes,Drug_E,69,57,F,Germany,8720807226M,Combination Therapy - Trial 106,2023-02-12,2023-04-17
107,P428,2023-01-26,2023-02-25,Hypertension,Drug_C,32,39,M,Germany,5835177639F,Low Dose - Trial 107,2023-01-11,2023-04-13
118,P428,2023-02-21,2023-04-15,Diabetes,Drug_E,367,39,M,Germany,5835177639F,New Drug Evaluation - Trial 118,2023-01-28,2023-05-28
110,P118,2023-02-15,2023-03-19,Hypertension,Drug_C,230,36,F,Germany,1654066271M,High Dose - Trial 110,2023-02-04,2023-05-16
116,P490,2023-02-03,2023-03-02,Diabetes,Drug_E,469,30,F,Germany,7314284674M,High Dose - Trial 116,2023-01-29,2023-03-23
111,P231,2023-02-05,2023-03-20,Hypertension,Drug_C,101,48,F,Spain,54065068I,New Drug Evaluation - Trial 111,2023-01-19,2023-04-01
119,P208,2023-02-11,2023-03-01,Cardiovascular,Drug_A,32,57,F,Germany,3570075512F,Low Dose - Trial 119,2023-02-11,2023-03-31
111,P137,2023-01-27,2023-03-11,Hypertension,Drug_D,406,43,M,Germany,0513390193M,New Drug Evaluation - Trial 111,2023-01-19,2023-04-01
119,P430,2023-03-02,2023-03-18,Hypertension,Drug_C,478,47,M,ARG,20-54127314-8,Low Dose - Trial 119,2023-02-11,2023-03-31
101,P356,2023-02-13,2023-04-01,Diabetes,Drug_E,174,28,M,Germany,6290639224M,New Drug Evaluation - Trial 101,2023-01-08,2023-05-05
110,P340,2023-03-12,2023-05-02,Hypertension,Drug_D,92,21,F,MEX,DHUP927293MGDGGW,High Dose - Trial 110,2023-02-04,2023-05-16
106,P340,2023-03-13,2023-04-13,Hypertension,Drug_D,164,21,F,MEX,DHUP927293MGDGGW,Combination Therapy - Trial 106,2023-02-12,2023-04-17
111,P132,2023-01-19,2023-03-24,Diabetes,Drug_E,453,20,M,MEX,ZQBR438563MFZYIQ,New Drug Evaluation - Trial 111,2023-01-19,2023-04-01
118,P132,2023-02-12,2023-04-12,Hypertension,Drug_C,84,20,M,MEX,ZQBR438563MFZYIQ,New Drug Evaluation - Trial 118,2023-01-28,2023-05-28
109,P226,2023-04-01,2023-04-18,Cardiovascular,Drug_A,292,55,F,Germany,3308262250F,Low Dose - Trial 109,2023-03-01,2023-05-07
113,P226,2023-01-22,2023-02-11,Hypertension,Drug_C,60,55,F,Germany,3308262250F,Combination Therapy - Trial 113,2023-01-01,2023-02-18
113,P318,2023-01-23,2023-02-16,Hypertension,Drug_C,344,38,M,Germany,7108710458M,Combination Therapy - Trial 113,2023-01-01,2023-02-18
110,P240,2023-03-22,2023-04-28,Diabetes,Drug_E,495,51,M,Spain,19048120G,High Dose - Trial 110,2023-02-04,2023-05-16
103,P385,2023-03-17,2023-04-18,Cardiovascular,Drug_B,211,26,F,MEX,WKZK459057HWCH5V,High Dose - Trial 103,2023-02-22,2023-05-26
104,P255,2023-02-02,2023-02-22,Diabetes,Drug_E,145,77,M,UK,OR571355D,Long-Term Study - Trial 104,2023-01-23,2023-03-24
100,P087,2023-02-18,2023-03-06,Hypertension,Drug_D,189,38,M,ARG,27-55890263-0,High Dose - Trial 100,2023-02-04,2023-03-07
105,P425,2023-02-08,2023-03-26,Diabetes,Drug_E,177,69,M,UK,EJ925569X,Combination Therapy - Trial 105,2023-01-02,2023-03-26
114,P267,2023-03-02,2023-03-22,Hypertension,Drug_D,50,28,F,Germany,7170318213M,Combination Therapy - Trial 114,2023-02-10,2023-04-28
104,P235,2023-02-06,2023-02-24,Cardiovascular,Drug_B,180,75,F,ARG,23-79614600-1,Long-Term Study - Trial 104,2023-01-23,2023-03-24
114,P341,2023-03-13,2023-04-03,Hypertension,Drug_D,14,49,F,Spain,57493790R,Combination Therapy - Trial 114,2023-02-10,2023-04-28
110,P423,2023-02-17,2023-03-11,Cardiovascular,Drug_B,190,72,F,UK,SJ173132L,High Dose - Trial 110,2023-02-04,2023-05-16
107,P269,2023-01-24,2023-03-02,Diabetes,Drug_E,371,35,F,MEX,RKNS230233MJIURW,Low Dose - Trial 107,2023-01-11,2023-04-13
115,P160,2023-02-15,2023-05-02,Diabetes,Drug_E,336,66,M,ARG,23-08122861-5,Combination Therapy - Trial 115,2023-02-07,2023-05-17
112,P491,2023-02-03,2023-03-10,Hypertension,Drug_D,117,42,F,MEX,WSGD784226HORDLJ,New Drug Evaluation - Trial 112,2023-01-08,2023-03-21
115,P212,2023-02-26,2023-04-23,Diabetes,Drug_E,189,60,M,UK,AC508369B,Combination Therapy - Trial 115,2023-02-07,2023-05-17
113,P274,2023-01-18,2023-02-04,Hypertension,Drug_D,98,51,M,Spain,79869413X,Combination Therapy - Trial 113,2023-01-01,2023-02-18
118,P274,2023-02-18,2023-03-23,Hypertension,Drug_D,338,51,M,Spain,79869413X,New Drug Evaluation - Trial 118,2023-01-28,2023-05-28
105,P326,2023-01-29,2023-03-18,Hypertension,Drug_D,116,68,F,ARG,27-33906767-5,Combination Therapy - Trial 105,2023-01-02,2023-03-26
101,P459,2023-02-06,2023-03-23,Hypertension,Drug_D,272,21,F,Germany,8706684923M,New Drug Evaluation - Trial 101,2023-01-08,2023-05-05
103,P207,2023-03-31,2023-05-18,Hypertension,Drug_C,373,24,F,UK,HD697659I,High Dose - Trial 103,2023-02-22,2023-05-26
109,P131,2023-03-15,2023-04-11,Diabetes,Drug_E,307,25,F,MEX,AIFM540169HPKZ1S,Low Dose - Trial 109,2023-03-01,2023-05-07
111,P008,2023-02-22,2023-03-16,Cardiovascular,Drug_A,12,79,F,MEX,PQPW505142HODEJO,New Drug Evaluation - Trial 111,2023-01-19,2023-04-01
110,P069,2023-02-04,2023-05-11,Diabetes,Drug_E,157,54,M,ARG,23-14958914-5,High Dose - Trial 110,2023-02-04,2023-05-16
101,P069,2023-02-03,2023-04-14,Diabetes,Drug_E,282,54,M,ARG,23-14958914-5,New Drug Evaluation - Trial 101,2023-01-08,2023-05-05
108,P222,2023-03-13,2023-04-05,Diabetes,Drug_E,400,28,M,ARG,23-98905042-5,New Drug Evaluation - Trial 108,2023-02-26,2023-04-15
105,P151,2023-01-16,2023-02-23,Diabetes,Drug_E,337,69,F,ARG,27-69556907-9,Combination Therapy - Trial 105,2023-01-02,2023-03-26
119,P151,2023-02-17,2023-03-14,Diabetes,Drug_E,20,69,F,ARG,27-69556907-9,Low Dose - Trial 119,2023-02-11,2023-03-31
101,P337,2023-02-07,2023-04-03,Hypertension,Drug_D,178,49,F,ARG,20-83753025-2,New Drug Evaluation - Trial 101,2023-01-08,2023-05-05
118,P081,2023-01-31,2023-04-12,Cardiovascular,Drug_A,62,32,M,Germany,6562349840M,New Drug Evaluation - Trial 118,2023-01-28,2023-05-28
102,P242,2023-03-25,2023-04-17,Hypertension,Drug_C,255,55,M,Germany,4135033495M,Low Dose - Trial 102,2023-03-02,2023-04-24
103,P004,2023-03-28,2023-05-22,Diabetes,Drug_E,432,48,F,ARG,20-67452053-4,High Dose - Trial 103,2023-02-22,2023-05-26
116,P362,2023-01-30,2023-03-14,Hypertension,Drug_C,271,30,M,Germany,3064815341F,High Dose - Trial 116,2023-01-29,2023-03-23
103,P180,2023-03-17,2023-04-03,Hypertension,Drug_D,364,48,F,MEX,JAKE494492HEXP2R,High Dose - Trial 103,2023-02-22,2023-05-26
108,P180,2023-03-16,2023-04-15,Diabetes,Drug_E,296,48,F,MEX,JAKE494492HEXP2R,New Drug Evaluation - Trial 108,2023-02-26,2023-04-15
110,P021,2023-02-27,2023-03-21,Diabetes,Drug_E,49,31,M,Spain,24083487N,High Dose - Trial 110,2023-02-04,2023-05-16
105,P105,2023-02-12,2023-03-05,Cardiovascular,Drug_A,500,21,F,UK,DU495130Z,Combination Therapy - Trial 105,2023-01-02,2023-03-26
108,P059,2023-03-15,2023-04-11,Diabetes,Drug_E,475,77,F,UK,MS194205E,New Drug Evaluation - Trial 108,2023-02-26,2023-04-15
116,P201,2023-02-02,2023-03-04,Hypertension,Drug_C,495,36,F,Germany,4368632301M,High Dose - Trial 116,2023-01-29,2023-03-23
112,P455,2023-01-23,2023-03-21,Hypertension,Drug_D,416,43,M,UK,NB621105I,New Drug Evaluation - Trial 112,2023-01-08,2023-03-21
109,P455,2023-03-01,2023-05-06,Cardiovascular,Drug_A,249,43,M,UK,NB621105I,Low Dose - Trial 109,2023-03-01,2023-05-07
116,P313,2023-01-30,2023-03-05,Cardiovascular,Drug_A,465,22,M,MEX,EWQZ934595HBJQI1,High Dose - Trial 116,2023-01-29,2023-03-23
117,P104,2023-02-01,2023-03-01,Cardiovascular,Drug_B,175,70,F,MEX,BSVP200631HLHNL3,Low Dose - Trial 117,2023-01-22,2023-04-16
119,P429,2023-02-15,2023-03-11,Diabetes,Drug_E,322,21,M,UK,RE671877N,Low Dose - Trial 119,2023-02-11,2023-03-31
108,P429,2023-03-19,2023-04-12,Diabetes,Drug_E,442,21,M,UK,RE671877N,New Drug Evaluation - Trial 108,2023-02-26,2023-04-15
111,P170,2023-02-21,2023-03-15,Hypertension,Drug_C,416,27,F,Germany,3943381931M,New Drug Evaluation - Trial 111,2023-01-19,2023-04-01
109,P447,2023-03-17,2023-05-02,Diabetes,Drug_E,114,42,M,UK,GC764972W,Low Dose - Trial 109,2023-03-01,2023-05-07
117,P447,2023-02-13,2023-03-04,Hypertension,Drug_D,222,42,M,UK,GC764972W,Low Dose - Trial 117,2023-01-22,2023-04-16
109,P065,2023-03-24,2023-04-27,Cardiovascular,Drug_B,497,48,F,MEX,DDYL149273HXLQVK,Low Dose - Trial 109,2023-03-01,2023-05-07
111,P102,2023-02-22,2023-03-12,Cardiovascular,Drug_B,190,29,F,Germany,7311184625M,New Drug Evaluation - Trial 111,2023-01-19,2023-04-01
113,P265,2023-01-04,2023-02-04,Diabetes,Drug_E,105,33,F,ARG,23-36216180-7,Combination Therapy - Trial 113,2023-01-01,2023-02-18
113,P209,2023-01-22,2023-02-12,Diabetes,Drug_E,455,53,M,Spain,92693990J,Combination Therapy - Trial 113,2023-01-01,2023-02-18
106,P456,2023-02-20,2023-03-14,Cardiovascular,Drug_A,112,20,F,Germany,6523714597F,Combination Therapy - Trial 106,2023-02-12,2023-04-17
119,P456,2023-03-05,2023-03-30,Diabetes,Drug_E,63,20,F,Germany,6523714597F,Low Dose - Trial 119,2023-02-11,2023-03-31
100,P023,2023-02-14,2023-03-05,Hypertension,Drug_D,11,61,M,Spain,04513867Y,High Dose - Trial 100,2023-02-04,2023-03-07
104,P078,2023-02-10,2023-03-16,Diabetes,Drug_E,11,51,M,ARG,20-47181272-2,Long-Term Study - Trial 104,2023-01-23,2023-03-24
109,P299,2023-03-22,2023-04-20,Cardiovascular,Drug_B,303,53,M,Spain,99322285A,Low Dose - Trial 109,2023-03-01,2023-05-07
102,P359,2023-03-22,2023-04-24,Hypertension,Drug_C,239,40,F,Spain,79433672Q,Low Dose - Trial 102,2023-03-02,2023-04-24
112,P296,2023-01-18,2023-02-05,Cardiovascular,Drug_A,143,31,M,ARG,20-29368777-0,New Drug Evaluation - Trial 112,2023-01-08,2023-03-21
102,P348,2023-03-20,2023-04-21,Hypertension,Drug_D,357,76,M,MEX,QHKF860812MYLYU3,Low Dose - Trial 102,2023-03-02,2023-04-24
111,P466,2023-02-14,2023-03-07,Diabetes,Drug_E,452,43,F,UK,NB792936H,New Drug Evaluation - Trial 111,2023-01-19,2023-04-01
108,P461,2023-03-21,2023-04-05,Hypertension,Drug_C,428,75,F,UK,DV568752G,New Drug Evaluation - Trial 108,2023-02-26,2023-04-15
110,P345,2023-03-19,2023-04-26,Diabetes,Drug_E,211,31,M,Germany,6367406295F,High Dose - Trial 110,2023-02-04,2023-05-16
118,P020,2023-03-18,2023-04-23,Diabetes,Drug_E,40,68,M,UK,TG832620A,New Drug Evaluation - Trial 118,2023-01-28,2023-05-28
106,P394,2023-03-10,2023-03-29,Diabetes,Drug_E,153,25,F,Germany,2980854626M,Combination Therapy - Trial 106,2023-02-12,2023-04-17
101,P476,2023-01-19,2023-02-20,Hypertension,Drug_C,327,58,M,Spain,44610666I,New Drug Evaluation - Trial 101,2023-01-08,2023-05-05
116,P330,2023-02-12,2023-03-02,Hypertension,Drug_D,288,78,F,ARG,27-30014512-2,High Dose - Trial 116,2023-01-29,2023-03-23
119,P330,2023-03-02,2023-03-29,Cardiovascular,Drug_B,435,78,F,ARG,27-30014512-2,Low Dose - Trial 119,2023-02-11,2023-03-31
111,P307,2023-02-20,2023-04-01,Diabetes,Drug_E,176,39,M,ARG,27-90713040-4,New Drug Evaluation - Trial 111,2023-01-19,2023-04-01
110,P309,2023-02-04,2023-04-05,Diabetes,Drug_E,174,21,F,ARG,23-07352719-5,High Dose - Trial 110,2023-02-04,2023-05-16
116,P073,2023-02-20,2023-03-13,Diabetes,Drug_E,254,24,F,Spain,39008113A,High Dose - Trial 116,2023-01-29,2023-03-23
118,P500,2023-03-23,2023-04-28,Diabetes,Drug_E,361,32,F,Spain,69161989A,New Drug Evaluation - Trial 118,2023-01-28,2023-05-28
107,P086,2023-01-15,2023-04-10,Diabetes,Drug_E,221,36,F,ARG,20-69863518-6,Low Dose - Trial 107,2023-01-11,2023-04-13
106,P135,2023-03-07,2023-03-29,Hypertension,Drug_C,148,46,F,Germany,4470220550M,Combination Therapy - Trial 106,2023-02-12,2023-04-17
111,P048,2023-01-21,2023-04-01,Diabetes,Drug_E,13,56,F,Germany,3707383849F,New Drug Evaluation - Trial 111,2023-01-19,2023-04-01
102,P121,2023-03-03,2023-04-24,Cardiovascular,Drug_B,400,43,F,Spain,04955794J,Low Dose - Trial 102,2023-03-02,2023-04-24
102,P173,2023-03-15,2023-04-09,Cardiovascular,Drug_A,23,21,F,Germany,3676674959F,Low Dose - Trial 102,2023-03-02,2023-04-24
108,P334,2023-03-20,2023-04-07,Cardiovascular,Drug_A,306,26,M,UK,XB945585D,New Drug Evaluation - Trial 108,2023-02-26,2023-04-15
101,P028,2023-02-12,2023-04-10,Diabetes,Drug_E,476,29,M,ARG,20-06194693-7,New Drug Evaluation - Trial 101,2023-01-08,2023-05-05
110,P203,2023-03-07,2023-04-11,Cardiovascular,Drug_A,494,51,M,ARG,23-73101333-7,High Dose - Trial 110,2023-02-04,2023-05-16
101,P049,2023-02-14,2023-03-29,Diabetes,Drug_E,423,31,M,MEX,MXDM743799HSMAOM,New Drug Evaluation - Trial 101,2023-01-08,2023-05-05
117,P142,2023-03-04,2023-04-13,Diabetes,Drug_E,225,36,M,ARG,20-42963333-8,Low Dose - Trial 117,2023-01-22,2023-04-16
105,P317,2023-02-12,2023-03-20,Hypertension,Drug_D,297,35,F,Spain,49916411O,Combination Therapy - Trial 105,2023-01-02,2023-03-26
107,P056,2023-02-04,2023-03-17,Hypertension,Drug_C,34,39,F,ARG,27-96982109-6,Low Dose - Trial 107,2023-01-11,2023-04-13
109,P056,2023-03-09,2023-05-01,Diabetes,Drug_E,28,39,F,ARG,27-96982109-6,Low Dose - Trial 109,2023-03-01,2023-05-07
105,P439,2023-02-03,2023-03-24,Cardiovascular,Drug_B,41,55,F,MEX,MATI211979MOL0YF,Combination Therapy - Trial 105,2023-01-02,2023-03-26
105,P319,2023-01-28,2023-02-12,Diabetes,Drug_E,50,21,F,Germany,6834173848F,Combination Therapy - Trial 105,2023-01-02,2023-03-26
112,P117,2023-02-08,2023-02-23,Hypertension,Drug_C,341,66,F,Germany,4287737283M,New Drug Evaluation - Trial 112,2023-01-08,2023-03-21
110,P117,2023-03-03,2023-03-23,Diabetes,Drug_E,166,66,F,Germany,4287737283M,High Dose - Trial 110,2023-02-04,2023-05-16
116,P019,2023-02-01,2023-02-27,Diabetes,Drug_E,366,48,F,Spain,02565046C,High Dose - Trial 116,2023-01-29,2023-03-23
109,P019,2023-03-27,2023-04-28,Diabetes,Drug_E,222,48,F,Spain,02565046C,Low Dose - Trial 109,2023-03-01,2023-05-07
101,P001,2023-01-22,2023-03-19,Diabetes,Drug_E,165,23,F,MEX,SWLG888088HBOEYD,New Drug Evaluation - Trial 101,2023-01-08,2023-05-05
102,P068,2023-03-18,2023-04-23,Hypertension,Drug_D,208,26,M,Spain,72157641W,Low Dose - Trial 102,2023-03-02,2023-04-24
119,P473,2023-02-28,2023-03-24,Cardiovascular,Drug_B,152,35,F,Germany,1621643035M,Low Dose - Trial 119,2023-02-11,2023-03-31
110,P339,2023-02-04,2023-02-19,Diabetes,Drug_E,235,68,M,MEX,JCNG395788HXDX8I,High Dose - Trial 110,2023-02-04,2023-05-16
111,P191,2023-01-27,2023-03-14,Hypertension,Drug_D,191,79,F,MEX,GPEH380103MPHIQZ,New Drug Evaluation - Trial 111,2023-01-19,2023-04-01
113,P191,2023-01-12,2023-02-08,Hypertension,Drug_C,28,79,F,MEX,GPEH380103MPHIQZ,Combination Therapy - Trial 113,2023-01-01,2023-02-18
113,P003,2023-01-06,2023-02-03,Diabetes,Drug_E,375,64,M,ARG,20-28726187-0,Combination Therapy - Trial 113,2023-01-01,2023-02-18
100,P260,2023-02-14,2023-03-01,Diabetes,Drug_E,277,61,F,MEX,FBER237416HZWRDJ,High Dose - Trial 100,2023-02-04,2023-03-07
108,P263,2023-03-01,2023-04-14,Diabetes,Drug_E,59,73,M,UK,BQ046623T,New Drug Evaluation - Trial 108,2023-02-26,2023-04-15
101,P327,2023-03-03,2023-03-20,Hypertension,Drug_D,398,35,F,MEX,BKSJ262279HPRMHE,New Drug Evaluation - Trial 101,2023-01-08,2023-05-05
100,P080,2023-02-11,2023-02-27,Hypertension,Drug_D,362,57,F,Spain,16267441G,High Dose - Trial 100,2023-02-04,2023-03-07
117,P413,2023-01-27,2023-03-21,Diabetes,Drug_E,239,55,F,UK,FJ550885G,Low Dose - Trial 117,2023-01-22,2023-04-16
104,P256,2023-01-30,2023-03-06,Cardiovascular,Drug_A,484,69,M,Germany,3966703986M,Long-Term Study - Trial 104,2023-01-23,2023-03-24
102,P050,2023-03-26,2023-04-11,Diabetes,Drug_E,357,65,F,Spain,11448896W,Low Dose - Trial 102,2023-03-02,2023-04-24
109,P388,2023-03-28,2023-04-30,Cardiovascular,Drug_A,161,56,F,Germany,7807396992F,Low Dose - Trial 109,2023-03-01,2023-05-07
112,P164,2023-01-25,2023-02-21,Hypertension,Drug_D,161,70,M,Germany,2904479498F,New Drug Evaluation - Trial 112,2023-01-08,2023-03-21
119,P444,2023-02-21,2023-03-14,Cardiovascular,Drug_B,452,25,F,Germany,6527929976F,Low Dose - Trial 119,2023-02-11,2023-03-31
113,P007,2023-01-23,2023-02-09,Cardiovascular,Drug_A,25,78,F,MEX,GWDR522929HAGBD2,Combination Therapy - Trial 113,2023-01-01,2023-02-18
110,P193,2023-02-20,2023-04-22,Hypertension,Drug_C,299,55,M,UK,WN377005G,High Dose - Trial 110,2023-02-04,2023-05-16
108,P435,2023-03-05,2023-04-14,Cardiovascular,Drug_A,80,57,F,Spain,29452752F,New Drug Evaluation - Trial 108,2023-02-26,2023-04-15
113,P140,2023-01-12,2023-02-05,Diabetes,Drug_E,416,24,F,Spain,82124536H,Combination Therapy - Trial 113,2023-01-01,2023-02-18
104,P159,2023-02-02,2023-02-28,Diabetes,Drug_E,190,24,M,Spain,72448630R,Long-Term Study - Trial 104,2023-01-23,2023-03-24
117,P147,2023-02-07,2023-03-27,Diabetes,Drug_E,481,43,M,Germany,8057750596M,Low Dose - Trial 117,2023-01-22,2023-04-16
104,P164,2023-02-01,2023-02-16,Diabetes,Drug_E,257,70,M,Germany,2904479498F,Long-Term Study - Trial 104,2023-01-23,2023-03-24
119,P073,2023-02-28,2023-03-26,Diabetes,Drug_E,357,24,F,Spain,39008113A,Low Dose - Trial 119,2023-02-11,2023-03-31
103,P378,2023-04-07,2023-05-23,Diabetes,Drug_E,19,69,F,Spain,80235086A,High Dose - Trial 103,2023-02-22,2023-05-26
106,P035,2023-02-17,2023-04-07,Cardiovascular,Drug_A,199,32,F,Spain,86535489J,Combination Therapy - Trial 106,2023-02-12,2023-04-17
103,P349,2023-03-19,2023-05-12,Cardiovascular,Drug_B,138,56,F,Germany,5698870893F,High Dose - Trial 103,2023-02-22,2023-05-26
102,P349,2023-03-27,2023-04-14,Hypertension,Drug_D,239,56,F,Germany,5698870893F,Low Dose - Trial 102,2023-03-02,2023-04-24
109,P123,2023-03-24,2023-04-21,Cardiovascular,Drug_A,183,24,F,ARG,27-22528254-2,Low Dose - Trial 109,2023-03-01,2023-05-07
103,P123,2023-04-09,2023-05-21,Hypertension,Drug_C,11,24,F,ARG,27-22528254-2,High Dose - Trial 103,2023-02-22,2023-05-26
115,P127,2023-03-01,2023-05-09,Diabetes,Drug_E,324,28,F,Germany,8108832337F,Combination Therapy - Trial 115,2023-02-07,2023-05-17
100,P038,2023-02-15,2023-03-07,Hypertension,Drug_C,86,50,M,Spain,95182133D,High Dose - Trial 100,2023-02-04,2023-03-07
119,P107,2023-02-18,2023-03-31,Diabetes,Drug_E,302,61,M,MEX,HUVT374519HZCRPP,Low Dose - Trial 119,2023-02-11,2023-03-31
116,P107,2023-02-03,2023-02-18,Diabetes,Drug_E,130,61,M,MEX,HUVT374519HZCRPP,High Dose - Trial 116,2023-01-29,2023-03-23
111,P410,2023-01-31,2023-02-25,Cardiovascular,Drug_B,17,56,M,Spain,82866430F,New Drug Evaluation - Trial 111,2023-01-19,2023-04-01
105,P451,2023-02-11,2023-03-15,Diabetes,Drug_E,262,22,F,UK,EK586451V,Combination Therapy - Trial 105,2023-01-02,2023-03-26
117,P006,2023-03-05,2023-04-01,Hypertension,Drug_D,237,66,M,Germany,7917331564M,Low Dose - Trial 117,2023-01-22,2023-04-16
118,P433,2023-01-31,2023-05-21,Diabetes,Drug_E,420,63,F,ARG,23-90724235-6,New Drug Evaluation - Trial 118,2023-01-28,2023-05-28
102,P016,2023-03-22,2023-04-10,Hypertension,Drug_D,249,52,F,Spain,21178139U,Low Dose - Trial 102,2023-03-02,2023-04-24
102,P084,2023-03-27,2023-04-16,Diabetes,Drug_E,162,47,M,Germany,9311092256M,Low Dose - Trial 102,2023-03-02,2023-04-24
107,P062,2023-02-11,2023-03-21,Hypertension,Drug_C,246,67,F,ARG,27-53487778-7,Low Dose - Trial 107,2023-01-11,2023-04-13
103,P062,2023-03-31,2023-04-21,Diabetes,Drug_E,51,67,F,ARG,27-53487778-7,High Dose - Trial 103,2023-02-22,2023-05-26
102,P439,2023-03-07,2023-04-05,Diabetes,Drug_E,118,55,F,MEX,MATI211979MOL0YF,Low Dose - Trial 102,2023-03-02,2023-04-24
107,P197,2023-01-12,2023-02-20,Cardiovascular,Drug_B,262,52,F,ARG,23-28355632-1,Low Dose - Trial 107,2023-01-11,2023-04-13
117,P294,2023-01-29,2023-02-24,Hypertension,Drug_C,348,45,F,ARG,27-57561489-8,Low Dose - Trial 117,2023-01-22,2023-04-16
116,P294,2023-02-24,2023-03-11,Hypertension,Drug_C,377,45,F,ARG,27-57561489-8,High Dose - Trial 116,2023-01-29,2023-03-23
113,P383,2023-01-06,2023-01-22,Hypertension,Drug_D,481,24,M,ARG,23-66203976-4,Combination Therapy - Trial 113,2023-01-01,2023-02-18
116,P383,2023-02-03,2023-03-03,Diabetes,Drug_E,267,24,M,ARG,23-66203976-4,High Dose - Trial 116,2023-01-29,2023-03-23
110,P311,2023-02-22,2023-04-03,Diabetes,Drug_E,244,52,F,ARG,27-01687432-2,High Dose - Trial 110,2023-02-04,2023-05-16
117,P498,2023-02-27,2023-03-17,Diabetes,Drug_E,172,49,F,ARG,20-89508035-4,Low Dose - Trial 117,2023-01-22,2023-04-16
117,P314,2023-01-27,2023-04-03,Hypertension,Drug_C,442,30,F,Germany,1902860613F,Low Dose - Trial 117,2023-01-22,2023-04-16
111,P128,2023-02-10,2023-03-18,Cardiovascular,Drug_B,417,73,M,Germany,1957379713M,New Drug Evaluation - Trial 111,2023-01-19,2023-04-01
113,P187,2023-01-25,2023-02-12,Cardiovascular,Drug_A,242,62,F,ARG,27-83671806-8,Combination Therapy - Trial 113,2023-01-01,2023-02-18
103,P012,2023-03-14,2023-05-02,Cardiovascular,Drug_A,175,76,F,Spain,14500995H,High Dose - Trial 103,2023-02-22,2023-05-26
103,P372,2023-03-29,2023-04-25,Hypertension,Drug_D,379,67,M,MEX,GQLK665180MITSVK,High Dose - Trial 103,2023-02-22,2023-05-26
104,P234,2023-02-13,2023-03-10,Diabetes,Drug_E,208,71,M,MEX,JTZQ197117HBM2QL,Long-Term Study - Trial 104,2023-01-23,2023-03-24
110,P250,2023-03-06,2023-03-28,Diabetes,Drug_E,223,44,F,Spain,93170851H,High Dose - Trial 110,2023-02-04,2023-05-16
117,P322,2023-01-31,2023-04-13,Hypertension,Drug_D,46,78,F,UK,SY288250Y,Low Dose - Trial 117,2023-01-22,2023-04-16
109,P395,2023-03-10,2023-03-27,Diabetes,Drug_E,43,51,F,MEX,GPTR477433MRSUOV,Low Dose - Trial 109,2023-03-01,2023-05-07
101,P470,2023-02-24,2023-03-12,Cardiovascular,Drug_B,18,58,F,MEX,LFEP096932MAMP9U,New Drug Evaluation - Trial 101,2023-01-08,2023-05-05
118,P244,2023-02-26,2023-05-24,Diabetes,Drug_E,446,76,M,ARG,20-56078258-8,New Drug Evaluation - Trial 118,2023-01-28,2023-05-28
101,P297,2023-01-25,2023-02-13,Diabetes,Drug_E,487,38,M,MEX,NIWW668610HHLE6B,New Drug Evaluation - Trial 101,2023-01-08,2023-05-05
112,P336,2023-02-01,2023-03-20,Hypertension,Drug_D,470,35,F,MEX,AXXO159929HYW3QH,New Drug Evaluation - Trial 112,2023-01-08,2023-03-21
103,P053,2023-03-07,2023-05-12,Diabetes,Drug_E,116,74,M,ARG,27-71631910-8,High Dose - Trial 103,2023-02-22,2023-05-26
101,P245,2023-02-01,2023-03-23,Diabetes,Drug_E,264,42,F,MEX,PWFT087008MIA8Y7,New Drug Evaluation - Trial 101,2023-01-08,2023-05-05
112,P245,2023-02-06,2023-02-26,Diabetes,Drug_E,126,42,F,MEX,PWFT087008MIA8Y7,New Drug Evaluation - Trial 112,2023-01-08,2023-03-21
113,P402,2023-01-07,2023-02-09,Cardiovascular,Drug_B,312,43,M,MEX,KOXZ059842MTUDXL,Combination Therapy - Trial 113,2023-01-01,2023-02-18
102,P489,2023-03-23,2023-04-12,Hypertension,Drug_D,182,51,F,UK,XO469293Y,Low Dose - Trial 102,2023-03-02,2023-04-24
113,P145,2023-01-06,2023-01-27,Cardiovascular,Drug_B,260,23,F,UK,DV030249E,Combination Therapy - Trial 113,2023-01-01,2023-02-18
100,P063,2023-02-15,2023-03-05,Hypertension,Drug_D,132,54,M,ARG,23-07013533-5,High Dose - Trial 100,2023-02-04,2023-03-07
104,P484,2023-02-17,2023-03-10,Diabetes,Drug_E,74,47,F,Germany,7384365050M,Long-Term Study - Trial 104,2023-01-23,2023-03-24
105,P458,2023-01-18,2023-03-01,Diabetes,Drug_E,231,39,F,UK,HW645735E,Combination Therapy - Trial 105,2023-01-02,2023-03-26
119,P398,2023-02-22,2023-03-22,Hypertension,Drug_D,121,75,F,Spain,87685839O,Low Dose - Trial 119,2023-02-11,2023-03-31
116,P211,2023-01-29,2023-02-16,Cardiovascular,Drug_A,444,57,F,Germany,3498746490F,High Dose - Trial 116,2023-01-29,2023-03-23
107,P211,2023-02-10,2023-03-14,Diabetes,Drug_E,445,57,F,Germany,3498746490F,Low Dose - Trial 107,2023-01-11,2023-04-13
114,P386,2023-03-02,2023-03-28,Hypertension,Drug_C,65,75,F,MEX,SDKE278293MVNTQG,Combination Therapy - Trial 114,2023-02-10,2023-04-28
119,P093,2023-02-22,2023-03-11,Diabetes,Drug_E,333,21,F,Germany,9248983938F,Low Dose - Trial 119,2023-02-11,2023-03-31
101,P093,2023-02-13,2023-03-18,Hypertension,Drug_C,481,21,F,Germany,9248983938F,New Drug Evaluation - Trial 101,2023-01-08,2023-05-05
116,P134,2023-02-21,2023-03-15,Diabetes,Drug_E,499,36,F,ARG,27-34672323-3,High Dose - Trial 116,2023-01-29,2023-03-23
103,P362,2023-04-09,2023-05-19,Diabetes,Drug_E,277,30,M,Germany,3064815341F,High Dose - Trial 103,2023-02-22,2023-05-26
104,P362,2023-01-27,2023-03-04,Diabetes,Drug_E,328,30,M,Germany,3064815341F,Long-Term Study - Trial 104,2023-01-23,2023-03-24
114,P273,2023-03-06,2023-04-26,Hypertension,Drug_D,147,72,F,MEX,WOAL917305HNEO5B,Combination Therapy - Trial 114,2023-02-10,2023-04-28
105,P055,2023-01-03,2023-03-21,Hypertension,Drug_C,290,62,F,MEX,DKMT159253MFRSDA,Combination Therapy - Trial 105,2023-01-02,2023-03-26
103,P037,2023-02-25,2023-05-24,Hypertension,Drug_C,491,27,F,MEX,CUAQ326892MXSIHV,High Dose - Trial 103,2023-02-22,2023-05-26
104,P146,2023-01-29,2023-02-24,Hypertension,Drug_C,121,46,M,Germany,0191231250F,Long-Term Study - Trial 104,2023-01-23,2023-03-24
113,P480,2023-01-23,2023-02-10,Diabetes,Drug_E,55,32,F,UK,YT141651H,Combination Therapy - Trial 113,2023-01-01,2023-02-18
106,P189,2023-02-12,2023-04-07,Diabetes,Drug_E,339,20,M,UK,AW003803N,Combination Therapy - Trial 106,2023-02-12,2023-04-17
101,P247,2023-01-14,2023-04-09,Hypertension,Drug_C,190,24,F,UK,MY688845R,New Drug Evaluation - Trial 101,2023-01-08,2023-05-05
109,P125,2023-03-14,2023-05-04,Diabetes,Drug_E,16,21,M,MEX,JVSZ302237MSRG2P,Low Dose - Trial 109,2023-03-01,2023-05-07
112,P125,2023-01-17,2023-02-02,Hypertension,Drug_C,342,21,M,MEX,JVSZ302237MSRG2P,New Drug Evaluation - Trial 112,2023-01-08,2023-03-21
104,P375,2023-02-17,2023-03-10,Hypertension,Drug_D,398,68,M,ARG,27-19472309-2,Long-Term Study - Trial 104,2023-01-23,2023-03-24
110,P179,2023-02-18,2023-05-16,Hypertension,Drug_D,67,30,F,UK,JM041374T,High Dose - Trial 110,2023-02-04,2023-05-16
102,P179,2023-03-25,2023-04-16,Diabetes,Drug_E,133,30,F,UK,JM041374T,Low Dose - Trial 102,2023-03-02,2023-04-24
118,P407,2023-02-19,2023-05-25,Hypertension,Drug_C,460,62,F,MEX,LYKM795758MITT8A,New Drug Evaluation - Trial 118,2023-01-28,2023-05-28
116,P348,2023-02-19,2023-03-17,Hypertension,Drug_C,146,76,M,MEX,QHKF860812MYLYU3,High Dose - Trial 116,2023-01-29,2023-03-23
113,P123,2023-01-08,2023-01-24,Hypertension,Drug_D,484,24,F,ARG,27-22528254-2,Combination Therapy - Trial 113,2023-01-01,2023-02-18
117,P123,2023-03-03,2023-04-11,Cardiovascular,Drug_A,288,24,F,ARG,27-22528254-2,Low Dose - Trial 117,2023-01-22,2023-04-16
104,P436,2023-01-27,2023-03-16,Cardiovascular,Drug_A,166,52,F,ARG,20-69056217-0,Long-Term Study - Trial 104,2023-01-23,2023-03-24
104,P393,2023-02-03,2023-03-21,Hypertension,Drug_D,244,62,F,MEX,BCIC092686HQBFEX,Long-Term Study - Trial 104,2023-01-23,2023-03-24
107,P393,2023-01-18,2023-03-20,Hypertension,Drug_C,39,62,F,MEX,BCIC092686HQBFEX,Low Dose - Trial 107,2023-01-11,2023-04-13
116,P404,2023-02-14,2023-03-17,Diabetes,Drug_E,433,31,F,UK,SZ716873T,High Dose - Trial 116,2023-01-29,2023-03-23
117,P165,2023-02-10,2023-03-09,Hypertension,Drug_C,148,34,M,UK,NA366970K,Low Dose - Trial 117,2023-01-22,2023-04-16
100,P441,2023-02-11,2023-02-27,Hypertension,Drug_D,181,45,M,ARG,23-44386613-9,High Dose - Trial 100,2023-02-04,2023-03-07
112,P471,2023-01-23,2023-03-07,Hypertension,Drug_D,137,46,M,ARG,20-57177292-4,New Drug Evaluation - Trial 112,2023-01-08,2023-03-21
100,P471,2023-02-04,2023-03-01,Hypertension,Drug_D,99,46,M,ARG,20-57177292-4,High Dose - Trial 100,2023-02-04,2023-03-07
110,P219,2023-03-03,2023-04-03,Diabetes,Drug_E,16,24,F,MEX,QWBM911080MVE7LV,High Dose - Trial 110,2023-02-04,2023-05-16
111,P308,2023-02-18,2023-03-12,Hypertension,Drug_C,73,63,M,ARG,20-25784765-0,New Drug Evaluation - Trial 111,2023-01-19,2023-04-01
110,P479,2023-02-09,2023-05-09,Diabetes,Drug_E,232,38,M,Germany,4258922808F,High Dose - Trial 110,2023-02-04,2023-05-16
104,P217,2023-01-26,2023-02-16,Diabetes,Drug_E,216,40,F,ARG,20-00305381-1,Long-Term Study - Trial 104,2023-01-23,2023-03-24
100,P492,2023-02-10,2023-02-27,Diabetes,Drug_E,151,55,F,MEX,MZPT569582HATNRS,High Dose - Trial 100,2023-02-04,2023-03-07
119,P496,2023-02-22,2023-03-12,Hypertension,Drug_D,75,74,M,ARG,20-13593561-7,Low Dose - Trial 119,2023-02-11,2023-03-31
112,P198,2023-02-07,2023-03-09,Diabetes,Drug_E,221,42,M,MEX,GUSD227568HLUZ0O,New Drug Evaluation - Trial 112,2023-01-08,2023-03-21
107,P275,2023-01-31,2023-03-08,Diabetes,Drug_E,356,22,M,Germany,1875534746F,Low Dose - Trial 107,2023-01-11,2023-04-13
117,P315,2023-02-13,2023-04-02,Diabetes,Drug_E,68,20,M,ARG,27-61069245-4,Low Dose - Trial 117,2023-01-22,2023-04-16
119,P287,2023-02-12,2023-03-24,Hypertension,Drug_C,17,39,F,ARG,20-79594056-5,Low Dose - Trial 119,2023-02-11,2023-03-31
112,P060,2023-01-17,2023-02-23,Hypertension,Drug_D,358,76,M,Spain,11871738F,New Drug Evaluation - Trial 112,2023-01-08,2023-03-21
111,P064,2023-01-28,2023-02-18,Hypertension,Drug_C,408,60,M,UK,SI121605D,New Drug Evaluation - Trial 111,2023-01-19,2023-04-01
115,P174,2023-02-24,2023-04-02,Diabetes,Drug_E,146,45,M,Spain,76103780E,Combination Therapy - Trial 115,2023-02-07,2023-05-17
115,P353,2023-02-18,2023-04-13,Hypertension,Drug_D,185,64,M,Spain,12768765O,Combination Therapy - Trial 115,2023-02-07,2023-05-17
101,P079,2023-03-03,2023-04-08,Hypertension,Drug_C,296,70,M,Spain,07700184I,New Drug Evaluation - Trial 101,2023-01-08,2023-05-05
109,P230,2023-03-29,2023-04-26,Diabetes,Drug_E,115,44,M,Germany,1207710989M,Low Dose - Trial 109,2023-03-01,2023-05-07
106,P101,2023-02-28,2023-03-26,Diabetes,Drug_E,237,63,M,ARG,27-65396116-0,Combination Therapy - Trial 106,2023-02-12,2023-04-17
110,P032,2023-03-05,2023-05-02,Diabetes,Drug_E,482,31,F,Spain,64369070N,High Dose - Trial 110,2023-02-04,2023-05-16
102,P032,2023-03-16,2023-04-23,Diabetes,Drug_E,343,31,F,Spain,64369070N,Low Dose - Trial 102,2023-03-02,2023-04-24
113,P450,2023-01-22,2023-02-06,Diabetes,Drug_E,198,56,F,Spain,28737330E,Combination Therapy - Trial 113,2023-01-01,2023-02-18
119,P450,2023-02-25,2023-03-21,Hypertension,Drug_C,148,56,F,Spain,28737330E,Low Dose - Trial 119,2023-02-11,2023-03-31
109,P252,2023-04-02,2023-04-29,Hypertension,Drug_C,82,72,M,UK,XT246369X,Low Dose - Trial 109,2023-03-01,2023-05-07
112,P030,2023-01-25,2023-03-10,Diabetes,Drug_E,266,25,M,MEX,AMCS588604MSYOQ1,New Drug Evaluation - Trial 112,2023-01-08,2023-03-21
108,P324,2023-02-26,2023-03-24,Diabetes,Drug_E,43,60,M,Germany,8635780333F,New Drug Evaluation - Trial 108,2023-02-26,2023-04-15
115,P324,2023-02-17,2023-04-18,Cardiovascular,Drug_A,189,60,M,Germany,8635780333F,Combination Therapy - Trial 115,2023-02-07,2023-05-17
115,P290,2023-03-23,2023-04-25,Hypertension,Drug_C,349,72,F,MEX,EAZA986919HPM16C,Combination Therapy - Trial 115,2023-02-07,2023-05-17
104,P442,2023-02-09,2023-03-21,Hypertension,Drug_C,73,50,F,ARG,20-28463834-6,Long-Term Study - Trial 104,2023-01-23,2023-03-24
108,P066,2023-03-09,2023-04-09,Hypertension,Drug_D,397,58,F,MEX,VXBZ912966MMB0MW,New Drug Evaluation - Trial 108,2023-02-26,2023-04-15
114,P360,2023-02-24,2023-03-22,Diabetes,Drug_E,249,76,F,Germany,4730400416F,Combination Therapy - Trial 114,2023-02-10,2023-04-28
115,P072,2023-03-13,2023-03-29,Cardiovascular,Drug_A,475,55,F,Spain,12098420N,Combination Therapy - Trial 115,2023-02-07,2023-05-17
105,P232,2023-02-10,2023-03-21,Hypertension,Drug_C,70,68,F,UK,JH934867P,Combination Therapy - Trial 105,2023-01-02,2023-03-26
102,P017,2023-03-07,2023-04-11,Cardiovascular,Drug_B,225,76,M,UK,DN296963N,Low Dose - Trial 102,2023-03-02,2023-04-24
115,P354,2023-02-24,2023-04-02,Diabetes,Drug_E,181,23,F,ARG,23-94128522-0,Combination Therapy - Trial 115,2023-02-07,2023-05-17
107,P195,2023-02-16,2023-03-06,Diabetes,Drug_E,119,43,F,ARG,23-30852730-1,Low Dose - Trial 107,2023-01-11,2023-04-13
100,P291,2023-02-14,2023-03-03,Cardiovascular,Drug_B,432,43,F,Germany,2436012316M,High Dose - Trial 100,2023-02-04,2023-03-07
100,P316,2023-02-19,2023-03-07,Diabetes,Drug_E,274,57,F,MEX,ETRL977116HCPRSL,High Dose - Trial 100,2023-02-04,2023-03-07
119,P110,2023-02-24,2023-03-16,Diabetes,Drug_E,53,56,M,ARG,20-90287410-5,Low Dose - Trial 119,2023-02-11,2023-03-31
115,P352,2023-02-20,2023-04-12,Cardiovascular,Drug_B,266,66,F,UK,AI799359K,Combination Therapy - Trial 115,2023-02-07,2023-05-17
108,P357,2023-03-16,2023-04-04,Diabetes,Drug_E,265,40,F,Spain,02431970J,New Drug Evaluation - Trial 108,2023-02-26,2023-04-15
106,P357,2023-02-18,2023-03-31,Diabetes,Drug_E,404,40,F,Spain,02431970J,Combination Therapy - Trial 106,2023-02-12,2023-04-17
109,P046,2023-03-06,2023-04-23,Cardiovascular,Drug_A,82,77,F,MEX,WVWI279402MCIPY8,Low Dose - Trial 109,2023-03-01,2023-05-07
106,P176,2023-02-28,2023-04-09,Diabetes,Drug_E,176,57,M,UK,MH027178Q,Combination Therapy - Trial 106,2023-02-12,2023-04-17
106,P252,2023-02-12,2023-03-25,Hypertension,Drug_C,144,72,M,UK,XT246369X,Combination Therapy - Trial 106,2023-02-12,2023-04-17
107,P166,2023-01-31,2023-03-08,Hypertension,Drug_D,23,21,M,UK,QJ897426H,Low Dose - Trial 107,2023-01-11,2023-04-13
103,P166,2023-03-28,2023-04-12,Hypertension,Drug_C,222,21,M,UK,QJ897426H,High Dose - Trial 103,2023-02-22,2023-05-26
111,P161,2023-01-31,2023-02-21,Hypertension,Drug_D,340,21,M,Spain,33933938V,New Drug Evaluation - Trial 111,2023-01-19,2023-04-01
107,P204,2023-01-28,2023-03-10,Hypertension,Drug_D,43,36,M,MEX,AWKA628115MVU2HO,Low Dose - Trial 107,2023-01-11,2023-04-13
101,P350,2023-02-04,2023-04-09,Cardiovascular,Drug_A,105,42,F,ARG,27-90203910-1,New Drug Evaluation - Trial 101,2023-01-08,2023-05-05
116,P488,2023-02-22,2023-03-09,Hypertension,Drug_D,110,35,F,ARG,27-81136605-6,High Dose - Trial 116,2023-01-29,2023-03-23
102,P379,2023-03-22,2023-04-17,Cardiovascular,Drug_A,60,54,F,Spain,73341043B,Low Dose - Trial 102,2023-03-02,2023-04-24
114,P292,2023-03-08,2023-04-07,Hypertension,Drug_C,453,61,F,ARG,20-39108001-5,Combination Therapy - Trial 114,2023-02-10,2023-04-28
109,P239,2023-03-18,2023-04-06,Diabetes,Drug_E,34,30,M,MEX,LFPC657912MKQVYR,Low Dose - Trial 109,2023-03-01,2023-05-07
114,P216,2023-02-18,2023-04-11,Diabetes,Drug_E,435,38,F,MEX,FPCA888468HPOPLJ,Combination Therapy - Trial 114,2023-02-10,2023-04-28
104,P157,2023-02-22,2023-03-13,Cardiovascular,Drug_A,123,58,M,MEX,VAMN386247MREFD9,Long-Term Study - Trial 104,2023-01-23,2023-03-24
109,P157,2023-03-07,2023-04-25,Cardiovascular,Drug_B,493,58,M,MEX,VAMN386247MREFD9,Low Dose - Trial 109,2023-03-01,2023-05-07
104,P281,2023-02-07,2023-03-21,Diabetes,Drug_E,29,73,M,MEX,BQEA964986MNNYJA,Long-Term Study - Trial 104,2023-01-23,2023-03-24
108,P281,2023-03-08,2023-04-01,Hypertension,Drug_C,370,73,M,MEX,BQEA964986MNNYJA,New Drug Evaluation - Trial 108,2023-02-26,2023-04-15
113,P106,2023-01-10,2023-02-05,Cardiovascular,Drug_A,92,61,M,ARG,20-23432831-0,Combination Therapy - Trial 113,2023-01-01,2023-02-18
116,P462,2023-02-09,2023-03-18,Diabetes,Drug_E,211,50,M,ARG,23-90588506-4,High Dose - Trial 116,2023-01-29,2023-03-23
117,P399,2023-02-01,2023-04-09,Diabetes,Drug_E,121,72,F,UK,VR239543D,Low Dose - Trial 117,2023-01-22,2023-04-16
112,P176,2023-02-03,2023-03-08,Hypertension,Drug_D,130,57,M,UK,MH027178Q,New Drug Evaluation - Trial 112,2023-01-08,2023-03-21
110,P414,2023-03-13,2023-03-30,Diabetes,Drug_E,133,61,F,Germany,4142959648M,High Dose - Trial 110,2023-02-04,2023-05-16
108,P347,2023-03-03,2023-04-09,Diabetes,Drug_E,379,48,M,ARG,20-70889480-3,New Drug Evaluation - Trial 108,2023-02-26,2023-04-15
107,P397,2023-02-10,2023-03-22,Diabetes,Drug_E,287,42,M,ARG,23-90801992-7,Low Dose - Trial 107,2023-01-11,2023-04-13
111,P184,2023-01-23,2023-03-12,Diabetes,Drug_E,123,53,F,Spain,90707123U,New Drug Evaluation - Trial 111,2023-01-19,2023-04-01
106,P346,2023-02-19,2023-04-08,Hypertension,Drug_D,366,74,M,Spain,72140452X,Combination Therapy - Trial 106,2023-02-12,2023-04-17
101,P282,2023-01-08,2023-02-27,Diabetes,Drug_E,339,36,M,MEX,JYWO891742MGOBYG,New Drug Evaluation - Trial 101,2023-01-08,2023-05-05
112,P427,2023-02-09,2023-03-18,Hypertension,Drug_C,262,54,M,MEX,KKKR797722MULI7W,New Drug Evaluation - Trial 112,2023-01-08,2023-03-21
116,P342,2023-01-31,2023-03-08,Diabetes,Drug_E,128,61,F,MEX,JHYO085584HEWBCQ,High Dose - Trial 116,2023-01-29,2023-03-23
115,P342,2023-03-15,2023-04-17,Hypertension,Drug_C,269,61,F,MEX,JHYO085584HEWBCQ,Combination Therapy - Trial 115,2023-02-07,2023-05-17
108,P172,2023-03-12,2023-04-09,Hypertension,Drug_C,400,78,M,MEX,HFEG001515HAUDI8,New Drug Evaluation - Trial 108,2023-02-26,2023-04-15
101,P139,2023-01-28,2023-02-24,Diabetes,Drug_E,347,36,M,ARG,23-76541497-9,New Drug Evaluation - Trial 101,2023-01-08,2023-05-05
109,P233,2023-03-18,2023-04-12,Hypertension,Drug_D,379,62,F,MEX,VNMQ289091HWV0UI,Low Dose - Trial 109,2023-03-01,2023-05-07
111,P129,2023-01-24,2023-03-30,Hypertension,Drug_D,385,74,M,ARG,27-41239152-8,New Drug Evaluation - Trial 111,2023-01-19,2023-04-01
119,P014,2023-02-19,2023-03-19,Hypertension,Drug_C,384,24,M,MEX,OEJT825416MLMNVC,Low Dose - Trial 119,2023-02-11,2023-03-31
102,P463,2023-03-16,2023-04-22,Cardiovascular,Drug_B,397,51,M,ARG,20-92735596-2,Low Dose - Trial 102,2023-03-02,2023-04-24
102,P321,2023-03-22,2023-04-24,Hypertension,Drug_D,306,20,M,MEX,DAKY275145HEM8ZB,Low Dose - Trial 102,2023-03-02,2023-04-24
100,P163,2023-02-17,2023-03-06,Diabetes,Drug_E,400,26,F,UK,KY495686O,High Dose - Trial 100,2023-02-04,2023-03-07
113,P168,2023-01-23,2023-02-15,Hypertension,Drug_C,372,56,F,ARG,20-22311054-2,Combination Therapy - Trial 113,2023-01-01,2023-02-18
103,P154,2023-03-07,2023-03-27,Hypertension,Drug_C,290,59,M,Spain,06399677T,High Dose - Trial 103,2023-02-22,2023-05-26
116,P340,2023-02-12,2023-03-05,Diabetes,Drug_E,472,21,F,MEX,DHUP927293MGDGGW,High Dose - Trial 116,2023-01-29,2023-03-23
116,P021,2023-02-20,2023-03-07,Hypertension,Drug_C,420,31,M,Spain,24083487N,High Dose - Trial 116,2023-01-29,2023-03-23
114,P021,2023-03-18,2023-04-05,Diabetes,Drug_E,73,31,M,Spain,24083487N,Combination Therapy - Trial 114,2023-02-10,2023-04-28
119,P306,2023-02-16,2023-03-13,Hypertension,Drug_D,91,68,M,ARG,20-34520000-0,Low Dose - Trial 119,2023-02-11,2023-03-31
118,P227,2023-03-19,2023-05-02,Diabetes,Drug_E,193,44,M,MEX,HGJS764956HTW7BH,New Drug Evaluation - Trial 118,2023-01-28,2023-05-28
109,P475,2023-03-05,2023-03-24,Hypertension,Drug_D,78,72,F,ARG,20-34029658-5,Low Dose - Trial 109,2023-03-01,2023-05-07
105,P497,2023-01-20,2023-02-23,Hypertension,Drug_C,180,56,F,ARG,23-61173548-8,Combination Therapy - Trial 105,2023-01-02,2023-03-26
119,P305,2023-02-28,2023-03-22,Hypertension,Drug_C,497,40,M,UK,ZJ336200R,Low Dose - Trial 119,2023-02-11,2023-03-31
117,P400,2023-01-29,2023-02-24,Cardiovascular,Drug_B,71,50,F,UK,QO122732E,Low Dose - Trial 117,2023-01-22,2023-04-16
101,P215,2023-02-25,2023-04-13,Diabetes,Drug_E,482,79,F,ARG,27-00187130-3,New Drug Evaluation - Trial 101,2023-01-08,2023-05-05
103,P416,2023-03-24,2023-05-08,Cardiovascular,Drug_B,31,73,F,UK,CQ886041B,High Dose - Trial 103,2023-02-22,2023-05-26
116,P445,2023-01-31,2023-03-14,Cardiovascular,Drug_B,403,67,M,Germany,9013126776M,High Dose - Trial 116,2023-01-29,2023-03-23
106,P366,2023-03-07,2023-03-22,Cardiovascular,Drug_B,36,44,F,UK,BX898526U,Combination Therapy - Trial 106,2023-02-12,2023-04-17
109,P488,2023-03-23,2023-04-29,Cardiovascular,Drug_B,159,35,F,ARG,27-81136605-6,Low Dose - Trial 109,2023-03-01,2023-05-07
109,P243,2023-03-23,2023-04-09,Diabetes,Drug_E,118,39,F,ARG,20-48110156-9,Low Dose - Trial 109,2023-03-01,2023-05-07
115,P243,2023-02-16,2023-03-03,Diabetes,Drug_E,287,39,F,ARG,20-48110156-9,Combination Therapy - Trial 115,2023-02-07,2023-05-17
104,P273,2023-01-31,2023-03-16,Hypertension,Drug_D,374,72,F,MEX,WOAL917305HNEO5B,Long-Term Study - Trial 104,2023-01-23,2023-03-24
111,P273,2023-02-18,2023-03-26,Diabetes,Drug_E,500,72,F,MEX,WOAL917305HNEO5B,New Drug Evaluation - Trial 111,2023-01-19,2023-04-01
106,P113,2023-02-28,2023-04-06,Cardiovascular,Drug_A,255,61,M,Germany,6976690570M,Combination Therapy - Trial 106,2023-02-12,2023-04-17
114,P325,2023-03-13,2023-03-28,Hypertension,Drug_C,78,47,F,ARG,27-22076801-7,Combination Therapy - Trial 114,2023-02-10,2023-04-28
114,P077,2023-03-03,2023-04-28,Cardiovascular,Drug_A,261,61,F,MEX,STDK044004MOD3OX,Combination Therapy - Trial 114,2023-02-10,2023-04-28
113,P389,2023-01-15,2023-01-31,Diabetes,Drug_E,197,68,M,UK,SP883246T,Combination Therapy - Trial 113,2023-01-01,2023-02-18
107,P432,2023-02-07,2023-03-12,Hypertension,Drug_C,430,70,F,Spain,28351865A,Low Dose - Trial 107,2023-01-11,2023-04-13
111,P002,2023-02-09,2023-02-24,Hypertension,Drug_D,228,22,M,MEX,JGLJ024070HIS7B2,New Drug Evaluation - Trial 111,2023-01-19,2023-04-01
106,P343,2023-02-27,2023-03-22,Cardiovascular,Drug_A,361,40,M,MEX,OVQT268983MPBO7Y,Combination Therapy - Trial 106,2023-02-12,2023-04-17
110,P089,2023-02-06,2023-03-02,Hypertension,Drug_D,91,72,M,Germany,7058646569M,High Dose - Trial 110,2023-02-04,2023-05-16
110,P381,2023-03-24,2023-05-16,Diabetes,Drug_E,335,35,F,Spain,53073685C,High Dose - Trial 110,2023-02-04,2023-05-16
112,P374,2023-02-10,2023-03-02,Diabetes,Drug_E,456,24,F,UK,CG618941G,New Drug Evaluation - Trial 112,2023-01-08,2023-03-21
108,P312,2023-03-15,2023-04-06,Hypertension,Drug_C,392,72,M,MEX,HCCN681776MPBGZ9,New Drug Evaluation - Trial 108,2023-02-26,2023-04-15
103,P173,2023-04-07,2023-05-21,Diabetes,Drug_E,104,21,F,Germany,3676674959F,High Dose - Trial 103,2023-02-22,2023-05-26
101,P437,2023-02-07,2023-03-17,Diabetes,Drug_E,112,39,F,Spain,71960246A,New Drug Evaluation - Trial 101,2023-01-08,2023-05-05
103,P130,2023-03-09,2023-05-20,Diabetes,Drug_E,471,35,F,Spain,33074175I,High Dose - Trial 103,2023-02-22,2023-05-26
107,P229,2023-02-25,2023-04-13,Diabetes,Drug_E,122,24,M,UK,AM068558J,Low Dose - Trial 107,2023-01-11,2023-04-13
108,P229,2023-03-07,2023-03-25,Diabetes,Drug_E,43,24,M,UK,AM068558J,New Drug Evaluation - Trial 108,2023-02-26,2023-04-15
111,P254,2023-02-22,2023-03-14,Diabetes,Drug_E,466,71,M,MEX,QKAL419764MAZOZ9,New Drug Evaluation - Trial 111,2023-01-19,2023-04-01
109,P254,2023-03-23,2023-04-14,Hypertension,Drug_C,363,71,M,MEX,QKAL419764MAZOZ9,Low Dose - Trial 109,2023-03-01,2023-05-07
109,P213,2023-03-18,2023-04-22,Hypertension,Drug_C,271,24,F,ARG,20-03508922-5,Low Dose - Trial 109,2023-03-01,2023-05-07
118,P133,2023-02-12,2023-04-20,Diabetes,Drug_E,90,20,F,Germany,6368432558M,New Drug Evaluation - Trial 118,2023-01-28,2023-05-28
111,P196,2023-02-03,2023-02-19,Diabetes,Drug_E,456,41,F,ARG,27-31488670-7,New Drug Evaluation - Trial 111,2023-01-19,2023-04-01
100,P196,2023-02-18,2023-03-07,Hypertension,Drug_D,219,41,F,ARG,27-31488670-7,High Dose - Trial 100,2023-02-04,2023-03-07
107,P141,2023-02-19,2023-03-26,Hypertension,Drug_D,234,25,F,ARG,27-28822299-0,Low Dose - Trial 107,2023-01-11,2023-04-13
102,P249,2023-03-14,2023-04-07,Diabetes,Drug_E,489,53,M,ARG,20-66014173-3,Low Dose - Trial 102,2023-03-02,2023-04-24
101,P249,2023-02-27,2023-04-08,Hypertension,Drug_C,338,53,M,ARG,20-66014173-3,New Drug Evaluation - Trial 101,2023-01-08,2023-05-05
118,P485,2023-03-06,2023-05-11,Hypertension,Drug_D,19,56,M,UK,DY533813E,New Drug Evaluation - Trial 118,2023-01-28,2023-05-28
110,P268,2023-02-08,2023-03-12,Cardiovascular,Drug_B,204,50,M,UK,BE535381Q,High Dose - Trial 110,2023-02-04,2023-05-16
118,P234,2023-03-05,2023-05-28,Cardiovascular,Drug_B,375,71,M,MEX,JTZQ197117HBM2QL,New Drug Evaluation - Trial 118,2023-01-28,2023-05-28
103,P186,2023-02-28,2023-05-18,Diabetes,Drug_E,51,40,F,UK,SB710047W,High Dose - Trial 103,2023-02-22,2023-05-26
114,P302,2023-03-02,2023-03-27,Diabetes,Drug_E,434,20,M,Germany,1223894477F,Combination Therapy - Trial 114,2023-02-10,2023-04-28
114,P106,2023-03-19,2023-04-25,Cardiovascular,Drug_B,141,61,M,ARG,20-23432831-0,Combination Therapy - Trial 114,2023-02-10,2023-04-28
104,P203,2023-01-28,2023-02-13,Hypertension,Drug_C,240,51,M,ARG,23-73101333-7,Long-Term Study - Trial 104,2023-01-23,2023-03-24
107,P203,2023-02-08,2023-04-12,Hypertension,Drug_D,308,51,M,ARG,23-73101333-7,Low Dose - Trial 107,2023-01-11,2023-04-13
112,P033,2023-02-13,2023-03-17,Hypertension,Drug_D,499,22,M,Germany,1741049512F,New Drug Evaluation - Trial 112,2023-01-08,2023-03-21
101,P457,2023-02-03,2023-03-04,Diabetes,Drug_E,232,68,F,Spain,49837336B,New Drug Evaluation - Trial 101,2023-01-08,2023-05-05
107,P398,2023-01-16,2023-03-22,Cardiovascular,Drug_A,464,75,F,Spain,87685839O,Low Dose - Trial 107,2023-01-11,2023-04-13
103,P275,2023-03-24,2023-04-17,Hypertension,Drug_C,44,22,M,Germany,1875534746F,High Dose - Trial 103,2023-02-22,2023-05-26
108,P475,2023-03-05,2023-04-06,Hypertension,Drug_C,366,72,F,ARG,20-34029658-5,New Drug Evaluation - Trial 108,2023-02-26,2023-04-15
118,P475,2023-02-08,2023-04-03,Hypertension,Drug_C,179,72,F,ARG,20-34029658-5,New Drug Evaluation - Trial 118,2023-01-28,2023-05-28
117,P401,2023-02-20,2023-03-31,Hypertension,Drug_D,274,65,F,UK,LF904120A,Low Dose - Trial 117,2023-01-22,2023-04-16
100,P339,2023-02-17,2023-03-07,Cardiovascular,Drug_B,454,68,M,MEX,JCNG395788HXDX8I,High Dose - Trial 100,2023-02-04,2023-03-07
108,P027,2023-03-02,2023-03-20,Diabetes,Drug_E,445,21,M,UK,WQ776500P,New Drug Evaluation - Trial 108,2023-02-26,2023-04-15
106,P027,2023-03-01,2023-04-12,Hypertension,Drug_D,175,21,M,UK,WQ776500P,Combination Therapy - Trial 106,2023-02-12,2023-04-17
111,P251,2023-02-22,2023-03-09,Diabetes,Drug_E,444,46,F,Germany,3636642889M,New Drug Evaluation - Trial 111,2023-01-19,2023-04-01
109,P351,2023-04-01,2023-04-25,Diabetes,Drug_E,273,49,F,ARG,27-48117996-0,Low Dose - Trial 109,2023-03-01,2023-05-07
117,P338,2023-02-12,2023-03-18,Diabetes,Drug_E,423,48,M,ARG,27-40494324-3,Low Dose - Trial 117,2023-01-22,2023-04-16
103,P295,2023-04-09,2023-05-10,Diabetes,Drug_E,345,27,M,ARG,23-68881518-7,High Dose - Trial 103,2023-02-22,2023-05-26
106,P449,2023-02-21,2023-03-20,Diabetes,Drug_E,42,76,M,Spain,08647637P,Combination Therapy - Trial 106,2023-02-12,2023-04-17
117,P202,2023-01-30,2023-03-20,Cardiovascular,Drug_B,449,66,F,MEX,EZNT655546MAPB6D,Low Dose - Trial 117,2023-01-22,2023-04-16
100,P465,2023-02-12,2023-03-02,Cardiovascular,Drug_B,395,62,M,Spain,05492776O,High Dose - Trial 100,2023-02-04,2023-03-07
113,P025,2023-01-20,2023-02-17,Cardiovascular,Drug_A,18,71,M,Spain,53595624M,Combination Therapy - Trial 113,2023-01-01,2023-02-18
109,P264,2023-03-09,2023-04-06,Hypertension,Drug_C,308,41,M,UK,EN103472N,Low Dose - Trial 109,2023-03-01,2023-05-07
104,P266,2023-01-25,2023-03-18,Hypertension,Drug_D,207,27,M,ARG,20-47722287-8,Long-Term Study - Trial 104,2023-01-23,2023-03-24
119,P009,2023-03-04,2023-03-24,Diabetes,Drug_E,115,29,M,UK,EF455287P,Low Dose - Trial 119,2023-02-11,2023-03-31
103,P241,2023-02-28,2023-05-16,Diabetes,Drug_E,132,56,M,MEX,UTHJ297019MNH11P,High Dose - Trial 103,2023-02-22,2023-05-26
119,P271,2023-02-22,2023-03-18,Hypertension,Drug_C,461,77,M,MEX,OMXN707775HQT5HV,Low Dose - Trial 119,2023-02-11,2023-03-31
118,P272,2023-02-16,2023-05-06,Cardiovascular,Drug_A,162,55,F,UK,XL087250V,New Drug Evaluation - Trial 118,2023-01-28,2023-05-28
100,P279,2023-02-12,2023-02-27,Hypertension,Drug_D,417,58,F,UK,NT663599U,High Dose - Trial 100,2023-02-04,2023-03-07
111,P279,2023-02-17,2023-03-12,Hypertension,Drug_C,297,58,F,UK,NT663599U,New Drug Evaluation - Trial 111,2023-01-19,2023-04-01
116,P494,2023-01-30,2023-03-10,Diabetes,Drug_E,403,50,M,MEX,SBTO235788HJUSOI,High Dose - Trial 116,2023-01-29,2023-03-23
101,P114,2023-03-01,2023-04-30,Hypertension,Drug_C,72,57,M,ARG,27-25402517-1,New Drug Evaluation - Trial 101,2023-01-08,2023-05-05
111,P070,2023-02-16,2023-03-05,Hypertension,Drug_D,89,50,M,Germany,0368203555F,New Drug Evaluation - Trial 111,2023-01-19,2023-04-01
113,P266,2023-01-08,2023-02-15,Diabetes,Drug_E,432,27,M,ARG,20-47722287-8,Combination Therapy - Trial 113,2023-01-01,2023-02-18
